
DROP TABLE IF EXISTS hotels;
DROP TABLE IF EXISTS room_types;
DROP TABLE IF EXISTS rate_plans;
DROP TABLE IF EXISTS prices;
DROP TABLE IF EXISTS availability;
DROP TABLE IF EXISTS guests;

CREATE TABLE hotels (
    id TEXT PRIMARY KEY,
    name TEXT,
    city TEXT,
    stars REAL
);

CREATE TABLE room_types (
    id TEXT PRIMARY KEY,
    hotel_id TEXT,
    name TEXT,
    FOREIGN KEY (hotel_id) REFERENCES hotels(id)
);

CREATE TABLE rate_plans (
    id TEXT PRIMARY KEY,
    room_type_id TEXT,
    name TEXT,
    FOREIGN KEY (room_type_id) REFERENCES room_types(id)
);

CREATE TABLE prices (
    id INTEGER PRIMARY KEY AUTOINCREMENT,
    rate_id TEXT,
    date TEXT,
    price INTEGER,
    FOREIGN KEY (rate_id) REFERENCES rate_plans(id)
);

CREATE TABLE availability (
    id INTEGER PRIMARY KEY AUTOINCREMENT,
    room_type_id TEXT,
    date TEXT,
    available INTEGER,
    FOREIGN KEY (room_type_id) REFERENCES room_types(id)
);

CREATE TABLE guests (
    id TEXT PRIMARY KEY,
    name TEXT
);

INSERT INTO hotels (id, name, city, stars) VALUES
('h1', 'Hotel 1', 'Almaty', 3.9),
('h2', 'Hotel 2', 'Aktau', 5.0),
('h3', 'Hotel 3', 'Astana', 3.7),
('h4', 'Hotel 4', 'Astana', 4.9),
('h5', 'Hotel 5', 'Almaty', 4.1);
INSERT INTO room_types (id, hotel_id, name) VALUES
('room_type1', 'h1', 'Type-1'),
('room_type2', 'h1', 'Type-2'),
('room_type3', 'h1', 'Type-3'),
('room_type4', 'h1', 'Type-4'),
('room_type5', 'h2', 'Type-1'),
('room_type6', 'h2', 'Type-2'),
('room_type7', 'h2', 'Type-3'),
('room_type8', 'h2', 'Type-4'),
('room_type9', 'h3', 'Type-1'),
('room_type10', 'h3', 'Type-2'),
('room_type11', 'h3', 'Type-3'),
('room_type12', 'h3', 'Type-4'),
('room_type13', 'h4', 'Type-1'),
('room_type14', 'h4', 'Type-2'),
('room_type15', 'h4', 'Type-3'),
('room_type16', 'h4', 'Type-4'),
('room_type17', 'h5', 'Type-1'),
('room_type18', 'h5', 'Type-2'),
('room_type19', 'h5', 'Type-3'),
('room_type20', 'h5', 'Type-4');
INSERT INTO rate_plans (id, room_type_id, name) VALUES
('rate-1', 'room_type1', 'Standard'),
('rate-2', 'room_type1', 'Non-refundable'),
('rate-3', 'room_type1', 'Breakfast included'),
('rate-4', 'room_type2', 'Standard'),
('rate-5', 'room_type2', 'Non-refundable'),
('rate-6', 'room_type2', 'Breakfast included'),
('rate-7', 'room_type3', 'Standard'),
('rate-8', 'room_type3', 'Non-refundable'),
('rate-9', 'room_type3', 'Breakfast included'),
('rate-10', 'room_type4', 'Standard'),
('rate-11', 'room_type4', 'Non-refundable'),
('rate-12', 'room_type4', 'Breakfast included'),
('rate-13', 'room_type5', 'Standard'),
('rate-14', 'room_type5', 'Non-refundable'),
('rate-15', 'room_type5', 'Breakfast included'),
('rate-16', 'room_type6', 'Standard'),
('rate-17', 'room_type6', 'Non-refundable'),
('rate-18', 'room_type6', 'Breakfast included'),
('rate-19', 'room_type7', 'Standard'),
('rate-20', 'room_type7', 'Non-refundable'),
('rate-21', 'room_type7', 'Breakfast included'),
('rate-22', 'room_type8', 'Standard'),
('rate-23', 'room_type8', 'Non-refundable'),
('rate-24', 'room_type8', 'Breakfast included'),
('rate-25', 'room_type9', 'Standard'),
('rate-26', 'room_type9', 'Non-refundable'),
('rate-27', 'room_type9', 'Breakfast included'),
('rate-28', 'room_type10', 'Standard'),
('rate-29', 'room_type10', 'Non-refundable'),
('rate-30', 'room_type10', 'Breakfast included'),
('rate-31', 'room_type11', 'Standard'),
('rate-32', 'room_type11', 'Non-refundable'),
('rate-33', 'room_type11', 'Breakfast included'),
('rate-34', 'room_type12', 'Standard'),
('rate-35', 'room_type12', 'Non-refundable'),
('rate-36', 'room_type12', 'Breakfast included'),
('rate-37', 'room_type13', 'Standard'),
('rate-38', 'room_type13', 'Non-refundable'),
('rate-39', 'room_type13', 'Breakfast included'),
('rate-40', 'room_type14', 'Standard'),
('rate-41', 'room_type14', 'Non-refundable'),
('rate-42', 'room_type14', 'Breakfast included'),
('rate-43', 'room_type15', 'Standard'),
('rate-44', 'room_type15', 'Non-refundable'),
('rate-45', 'room_type15', 'Breakfast included'),
('rate-46', 'room_type16', 'Standard'),
('rate-47', 'room_type16', 'Non-refundable'),
('rate-48', 'room_type16', 'Breakfast included'),
('rate-49', 'room_type17', 'Standard'),
('rate-50', 'room_type17', 'Non-refundable'),
('rate-51', 'room_type17', 'Breakfast included'),
('rate-52', 'room_type18', 'Standard'),
('rate-53', 'room_type18', 'Non-refundable'),
('rate-54', 'room_type18', 'Breakfast included'),
('rate-55', 'room_type19', 'Standard'),
('rate-56', 'room_type19', 'Non-refundable'),
('rate-57', 'room_type19', 'Breakfast included'),
('rate-58', 'room_type20', 'Standard'),
('rate-59', 'room_type20', 'Non-refundable'),
('rate-60', 'room_type20', 'Breakfast included');
INSERT INTO prices (rate_id, date, price) VALUES
('rate-1', '2025-10-01', 29383),
('rate-1', '2025-10-02', 11991),
('rate-1', '2025-10-03', 12069),
('rate-1', '2025-10-04', 20972),
('rate-1', '2025-10-05', 23865),
('rate-1', '2025-10-06', 13579),
('rate-1', '2025-10-07', 16094),
('rate-1', '2025-10-08', 15522),
('rate-1', '2025-10-09', 17914),
('rate-1', '2025-10-10', 13977),
('rate-1', '2025-10-11', 10921),
('rate-1', '2025-10-12', 11533),
('rate-1', '2025-10-13', 21650),
('rate-1', '2025-10-14', 28517),
('rate-1', '2025-10-15', 13949),
('rate-1', '2025-10-16', 28651),
('rate-1', '2025-10-17', 14663),
('rate-1', '2025-10-18', 29874),
('rate-1', '2025-10-19', 18235),
('rate-1', '2025-10-20', 27984),
('rate-1', '2025-10-21', 21550),
('rate-1', '2025-10-22', 27780),
('rate-1', '2025-10-23', 16014),
('rate-1', '2025-10-24', 15824),
('rate-1', '2025-10-25', 22212),
('rate-1', '2025-10-26', 25173),
('rate-1', '2025-10-27', 24932),
('rate-1', '2025-10-28', 19796),
('rate-1', '2025-10-29', 10134),
('rate-1', '2025-10-30', 25334),
('rate-1', '2025-10-31', 26793),
('rate-1', '2025-11-01', 17117),
('rate-1', '2025-11-02', 26925),
('rate-1', '2025-11-03', 25747),
('rate-1', '2025-11-04', 24986),
('rate-1', '2025-11-05', 11618),
('rate-1', '2025-11-06', 19840),
('rate-1', '2025-11-07', 24350),
('rate-1', '2025-11-08', 10806),
('rate-1', '2025-11-09', 26591),
('rate-1', '2025-11-10', 15595),
('rate-1', '2025-11-11', 10459),
('rate-1', '2025-11-12', 23523),
('rate-1', '2025-11-13', 10451),
('rate-1', '2025-11-14', 26554),
('rate-1', '2025-11-15', 18036),
('rate-1', '2025-11-16', 16204),
('rate-1', '2025-11-17', 21623),
('rate-1', '2025-11-18', 29683),
('rate-1', '2025-11-19', 21558),
('rate-1', '2025-11-20', 14393),
('rate-1', '2025-11-21', 12716),
('rate-1', '2025-11-22', 24899),
('rate-1', '2025-11-23', 22770),
('rate-1', '2025-11-24', 19196),
('rate-1', '2025-11-25', 14476),
('rate-1', '2025-11-26', 18421),
('rate-1', '2025-11-27', 18597),
('rate-1', '2025-11-28', 10216),
('rate-1', '2025-11-29', 11199),
('rate-2', '2025-10-01', 21036),
('rate-2', '2025-10-02', 18106),
('rate-2', '2025-10-03', 12139),
('rate-2', '2025-10-04', 25623),
('rate-2', '2025-10-05', 26649),
('rate-2', '2025-10-06', 22169),
('rate-2', '2025-10-07', 22933),
('rate-2', '2025-10-08', 12156),
('rate-2', '2025-10-09', 23411),
('rate-2', '2025-10-10', 10135),
('rate-2', '2025-10-11', 11440),
('rate-2', '2025-10-12', 17245),
('rate-2', '2025-10-13', 11882),
('rate-2', '2025-10-14', 25975),
('rate-2', '2025-10-15', 17495),
('rate-2', '2025-10-16', 12972),
('rate-2', '2025-10-17', 17831),
('rate-2', '2025-10-18', 28899),
('rate-2', '2025-10-19', 12178),
('rate-2', '2025-10-20', 10433),
('rate-2', '2025-10-21', 23479),
('rate-2', '2025-10-22', 11346),
('rate-2', '2025-10-23', 16391),
('rate-2', '2025-10-24', 18390),
('rate-2', '2025-10-25', 17570),
('rate-2', '2025-10-26', 13707),
('rate-2', '2025-10-27', 23091),
('rate-2', '2025-10-28', 13810),
('rate-2', '2025-10-29', 25381),
('rate-2', '2025-10-30', 25560),
('rate-2', '2025-10-31', 25894),
('rate-2', '2025-11-01', 22643),
('rate-2', '2025-11-02', 16005),
('rate-2', '2025-11-03', 19397),
('rate-2', '2025-11-04', 16900),
('rate-2', '2025-11-05', 28334),
('rate-2', '2025-11-06', 19678),
('rate-2', '2025-11-07', 10349),
('rate-2', '2025-11-08', 24423),
('rate-2', '2025-11-09', 23344),
('rate-2', '2025-11-10', 12255),
('rate-2', '2025-11-11', 10884),
('rate-2', '2025-11-12', 12846),
('rate-2', '2025-11-13', 26975),
('rate-2', '2025-11-14', 15525),
('rate-2', '2025-11-15', 29963),
('rate-2', '2025-11-16', 15488),
('rate-2', '2025-11-17', 23132),
('rate-2', '2025-11-18', 12498),
('rate-2', '2025-11-19', 17064),
('rate-2', '2025-11-20', 25171),
('rate-2', '2025-11-21', 12119),
('rate-2', '2025-11-22', 13037),
('rate-2', '2025-11-23', 20166),
('rate-2', '2025-11-24', 14975),
('rate-2', '2025-11-25', 27448),
('rate-2', '2025-11-26', 11669),
('rate-2', '2025-11-27', 13171),
('rate-2', '2025-11-28', 26574),
('rate-2', '2025-11-29', 21754),
('rate-3', '2025-10-01', 23076),
('rate-3', '2025-10-02', 20263),
('rate-3', '2025-10-03', 21987),
('rate-3', '2025-10-04', 23024),
('rate-3', '2025-10-05', 21939),
('rate-3', '2025-10-06', 21488),
('rate-3', '2025-10-07', 25417),
('rate-3', '2025-10-08', 10850),
('rate-3', '2025-10-09', 18723),
('rate-3', '2025-10-10', 16540),
('rate-3', '2025-10-11', 17711),
('rate-3', '2025-10-12', 19755),
('rate-3', '2025-10-13', 19350),
('rate-3', '2025-10-14', 17951),
('rate-3', '2025-10-15', 13952),
('rate-3', '2025-10-16', 10316),
('rate-3', '2025-10-17', 17536),
('rate-3', '2025-10-18', 28438),
('rate-3', '2025-10-19', 20165),
('rate-3', '2025-10-20', 22533),
('rate-3', '2025-10-21', 11856),
('rate-3', '2025-10-22', 14375),
('rate-3', '2025-10-23', 11932),
('rate-3', '2025-10-24', 26571),
('rate-3', '2025-10-25', 26232),
('rate-3', '2025-10-26', 11815),
('rate-3', '2025-10-27', 20690),
('rate-3', '2025-10-28', 27728),
('rate-3', '2025-10-29', 27684),
('rate-3', '2025-10-30', 25191),
('rate-3', '2025-10-31', 25144),
('rate-3', '2025-11-01', 18224),
('rate-3', '2025-11-02', 27331),
('rate-3', '2025-11-03', 11535),
('rate-3', '2025-11-04', 27723),
('rate-3', '2025-11-05', 13739),
('rate-3', '2025-11-06', 16318),
('rate-3', '2025-11-07', 27398),
('rate-3', '2025-11-08', 13327),
('rate-3', '2025-11-09', 20087),
('rate-3', '2025-11-10', 20303),
('rate-3', '2025-11-11', 13875),
('rate-3', '2025-11-12', 20446),
('rate-3', '2025-11-13', 20848),
('rate-3', '2025-11-14', 12585),
('rate-3', '2025-11-15', 11588),
('rate-3', '2025-11-16', 15888),
('rate-3', '2025-11-17', 14945),
('rate-3', '2025-11-18', 22193),
('rate-3', '2025-11-19', 16316),
('rate-3', '2025-11-20', 19801),
('rate-3', '2025-11-21', 27368),
('rate-3', '2025-11-22', 26993),
('rate-3', '2025-11-23', 25675),
('rate-3', '2025-11-24', 22098),
('rate-3', '2025-11-25', 27466),
('rate-3', '2025-11-26', 14781),
('rate-3', '2025-11-27', 24520),
('rate-3', '2025-11-28', 11749),
('rate-3', '2025-11-29', 17415),
('rate-4', '2025-10-01', 16773),
('rate-4', '2025-10-02', 24812),
('rate-4', '2025-10-03', 25937),
('rate-4', '2025-10-04', 28591),
('rate-4', '2025-10-05', 20236),
('rate-4', '2025-10-06', 26426),
('rate-4', '2025-10-07', 17006),
('rate-4', '2025-10-08', 15927),
('rate-4', '2025-10-09', 13224),
('rate-4', '2025-10-10', 16095),
('rate-4', '2025-10-11', 11512),
('rate-4', '2025-10-12', 12828),
('rate-4', '2025-10-13', 12559),
('rate-4', '2025-10-14', 18538),
('rate-4', '2025-10-15', 27988),
('rate-4', '2025-10-16', 19970),
('rate-4', '2025-10-17', 19231),
('rate-4', '2025-10-18', 16439),
('rate-4', '2025-10-19', 29498),
('rate-4', '2025-10-20', 25277),
('rate-4', '2025-10-21', 24251),
('rate-4', '2025-10-22', 13288),
('rate-4', '2025-10-23', 23749),
('rate-4', '2025-10-24', 23182),
('rate-4', '2025-10-25', 10275),
('rate-4', '2025-10-26', 28766),
('rate-4', '2025-10-27', 20408),
('rate-4', '2025-10-28', 24576),
('rate-4', '2025-10-29', 26014),
('rate-4', '2025-10-30', 11136),
('rate-4', '2025-10-31', 21259),
('rate-4', '2025-11-01', 17203),
('rate-4', '2025-11-02', 18390),
('rate-4', '2025-11-03', 13658),
('rate-4', '2025-11-04', 29221),
('rate-4', '2025-11-05', 12136),
('rate-4', '2025-11-06', 19206),
('rate-4', '2025-11-07', 18903),
('rate-4', '2025-11-08', 10282),
('rate-4', '2025-11-09', 29334),
('rate-4', '2025-11-10', 23865),
('rate-4', '2025-11-11', 14339),
('rate-4', '2025-11-12', 21207),
('rate-4', '2025-11-13', 12963),
('rate-4', '2025-11-14', 12704),
('rate-4', '2025-11-15', 14609),
('rate-4', '2025-11-16', 13817),
('rate-4', '2025-11-17', 25951),
('rate-4', '2025-11-18', 16182),
('rate-4', '2025-11-19', 26706),
('rate-4', '2025-11-20', 19344),
('rate-4', '2025-11-21', 15843),
('rate-4', '2025-11-22', 14744),
('rate-4', '2025-11-23', 27224),
('rate-4', '2025-11-24', 29346),
('rate-4', '2025-11-25', 25766),
('rate-4', '2025-11-26', 11415),
('rate-4', '2025-11-27', 24655),
('rate-4', '2025-11-28', 18462),
('rate-4', '2025-11-29', 25408),
('rate-5', '2025-10-01', 11483),
('rate-5', '2025-10-02', 27731),
('rate-5', '2025-10-03', 27803),
('rate-5', '2025-10-04', 15923),
('rate-5', '2025-10-05', 18984),
('rate-5', '2025-10-06', 28008),
('rate-5', '2025-10-07', 11454),
('rate-5', '2025-10-08', 29828),
('rate-5', '2025-10-09', 19048),
('rate-5', '2025-10-10', 17004),
('rate-5', '2025-10-11', 10083),
('rate-5', '2025-10-12', 26683),
('rate-5', '2025-10-13', 17544),
('rate-5', '2025-10-14', 17834),
('rate-5', '2025-10-15', 29629),
('rate-5', '2025-10-16', 18095),
('rate-5', '2025-10-17', 11774),
('rate-5', '2025-10-18', 18191),
('rate-5', '2025-10-19', 17014),
('rate-5', '2025-10-20', 17670),
('rate-5', '2025-10-21', 24815),
('rate-5', '2025-10-22', 10709),
('rate-5', '2025-10-23', 29863),
('rate-5', '2025-10-24', 21445),
('rate-5', '2025-10-25', 19014),
('rate-5', '2025-10-26', 14912),
('rate-5', '2025-10-27', 12362),
('rate-5', '2025-10-28', 28892),
('rate-5', '2025-10-29', 16854),
('rate-5', '2025-10-30', 20772),
('rate-5', '2025-10-31', 15587),
('rate-5', '2025-11-01', 24820),
('rate-5', '2025-11-02', 26180),
('rate-5', '2025-11-03', 24294),
('rate-5', '2025-11-04', 22695),
('rate-5', '2025-11-05', 28585),
('rate-5', '2025-11-06', 12972),
('rate-5', '2025-11-07', 25237),
('rate-5', '2025-11-08', 26450),
('rate-5', '2025-11-09', 16161),
('rate-5', '2025-11-10', 28898),
('rate-5', '2025-11-11', 13569),
('rate-5', '2025-11-12', 18832),
('rate-5', '2025-11-13', 17353),
('rate-5', '2025-11-14', 29783),
('rate-5', '2025-11-15', 26505),
('rate-5', '2025-11-16', 28183),
('rate-5', '2025-11-17', 21626),
('rate-5', '2025-11-18', 22380),
('rate-5', '2025-11-19', 17572),
('rate-5', '2025-11-20', 17910),
('rate-5', '2025-11-21', 17182),
('rate-5', '2025-11-22', 18418),
('rate-5', '2025-11-23', 13551),
('rate-5', '2025-11-24', 12741),
('rate-5', '2025-11-25', 11746),
('rate-5', '2025-11-26', 20784),
('rate-5', '2025-11-27', 20058),
('rate-5', '2025-11-28', 17330),
('rate-5', '2025-11-29', 18938),
('rate-6', '2025-10-01', 23528),
('rate-6', '2025-10-02', 29205),
('rate-6', '2025-10-03', 28852),
('rate-6', '2025-10-04', 13739),
('rate-6', '2025-10-05', 17625),
('rate-6', '2025-10-06', 28337),
('rate-6', '2025-10-07', 25762),
('rate-6', '2025-10-08', 16853),
('rate-6', '2025-10-09', 14365),
('rate-6', '2025-10-10', 20511),
('rate-6', '2025-10-11', 12100),
('rate-6', '2025-10-12', 15871),
('rate-6', '2025-10-13', 18079),
('rate-6', '2025-10-14', 25910),
('rate-6', '2025-10-15', 16903),
('rate-6', '2025-10-16', 29027),
('rate-6', '2025-10-17', 18245),
('rate-6', '2025-10-18', 10853),
('rate-6', '2025-10-19', 26999),
('rate-6', '2025-10-20', 12376),
('rate-6', '2025-10-21', 14342),
('rate-6', '2025-10-22', 14398),
('rate-6', '2025-10-23', 27172),
('rate-6', '2025-10-24', 26444),
('rate-6', '2025-10-25', 25244),
('rate-6', '2025-10-26', 18569),
('rate-6', '2025-10-27', 18661),
('rate-6', '2025-10-28', 14195),
('rate-6', '2025-10-29', 16270),
('rate-6', '2025-10-30', 23078),
('rate-6', '2025-10-31', 17804),
('rate-6', '2025-11-01', 12787),
('rate-6', '2025-11-02', 27895),
('rate-6', '2025-11-03', 24804),
('rate-6', '2025-11-04', 11969),
('rate-6', '2025-11-05', 28924),
('rate-6', '2025-11-06', 28364),
('rate-6', '2025-11-07', 25710),
('rate-6', '2025-11-08', 22361),
('rate-6', '2025-11-09', 15124),
('rate-6', '2025-11-10', 16600),
('rate-6', '2025-11-11', 22191),
('rate-6', '2025-11-12', 20970),
('rate-6', '2025-11-13', 22336),
('rate-6', '2025-11-14', 27266),
('rate-6', '2025-11-15', 26283),
('rate-6', '2025-11-16', 14590),
('rate-6', '2025-11-17', 14624),
('rate-6', '2025-11-18', 19234),
('rate-6', '2025-11-19', 19656),
('rate-6', '2025-11-20', 11974),
('rate-6', '2025-11-21', 20584),
('rate-6', '2025-11-22', 28323),
('rate-6', '2025-11-23', 18711),
('rate-6', '2025-11-24', 10559),
('rate-6', '2025-11-25', 16175),
('rate-6', '2025-11-26', 17937),
('rate-6', '2025-11-27', 21824),
('rate-6', '2025-11-28', 21202),
('rate-6', '2025-11-29', 11923),
('rate-7', '2025-10-01', 14618),
('rate-7', '2025-10-02', 20363),
('rate-7', '2025-10-03', 18013),
('rate-7', '2025-10-04', 24249),
('rate-7', '2025-10-05', 12566),
('rate-7', '2025-10-06', 29165),
('rate-7', '2025-10-07', 21297),
('rate-7', '2025-10-08', 15705),
('rate-7', '2025-10-09', 23119),
('rate-7', '2025-10-10', 19736),
('rate-7', '2025-10-11', 20846),
('rate-7', '2025-10-12', 20837),
('rate-7', '2025-10-13', 10300),
('rate-7', '2025-10-14', 23299),
('rate-7', '2025-10-15', 16255),
('rate-7', '2025-10-16', 24014),
('rate-7', '2025-10-17', 13242),
('rate-7', '2025-10-18', 22523),
('rate-7', '2025-10-19', 12058),
('rate-7', '2025-10-20', 28480),
('rate-7', '2025-10-21', 28964),
('rate-7', '2025-10-22', 25980),
('rate-7', '2025-10-23', 17943),
('rate-7', '2025-10-24', 10928),
('rate-7', '2025-10-25', 19898),
('rate-7', '2025-10-26', 15505),
('rate-7', '2025-10-27', 13077),
('rate-7', '2025-10-28', 15456),
('rate-7', '2025-10-29', 18332),
('rate-7', '2025-10-30', 23636),
('rate-7', '2025-10-31', 16557),
('rate-7', '2025-11-01', 14832),
('rate-7', '2025-11-02', 24643),
('rate-7', '2025-11-03', 15410),
('rate-7', '2025-11-04', 18522),
('rate-7', '2025-11-05', 16979),
('rate-7', '2025-11-06', 26166),
('rate-7', '2025-11-07', 15072),
('rate-7', '2025-11-08', 24049),
('rate-7', '2025-11-09', 13369),
('rate-7', '2025-11-10', 14273),
('rate-7', '2025-11-11', 29333),
('rate-7', '2025-11-12', 19509),
('rate-7', '2025-11-13', 20647),
('rate-7', '2025-11-14', 23063),
('rate-7', '2025-11-15', 26952),
('rate-7', '2025-11-16', 12551),
('rate-7', '2025-11-17', 22195),
('rate-7', '2025-11-18', 12008),
('rate-7', '2025-11-19', 25251),
('rate-7', '2025-11-20', 21498),
('rate-7', '2025-11-21', 17152),
('rate-7', '2025-11-22', 16777),
('rate-7', '2025-11-23', 21436),
('rate-7', '2025-11-24', 13823),
('rate-7', '2025-11-25', 16991),
('rate-7', '2025-11-26', 14561),
('rate-7', '2025-11-27', 21738),
('rate-7', '2025-11-28', 20232),
('rate-7', '2025-11-29', 15782),
('rate-8', '2025-10-01', 29430),
('rate-8', '2025-10-02', 19440),
('rate-8', '2025-10-03', 19635),
('rate-8', '2025-10-04', 15768),
('rate-8', '2025-10-05', 25244),
('rate-8', '2025-10-06', 16944),
('rate-8', '2025-10-07', 11077),
('rate-8', '2025-10-08', 15938),
('rate-8', '2025-10-09', 29128),
('rate-8', '2025-10-10', 23456),
('rate-8', '2025-10-11', 19814),
('rate-8', '2025-10-12', 29374),
('rate-8', '2025-10-13', 17246),
('rate-8', '2025-10-14', 23739),
('rate-8', '2025-10-15', 11898),
('rate-8', '2025-10-16', 18285),
('rate-8', '2025-10-17', 18156),
('rate-8', '2025-10-18', 21840),
('rate-8', '2025-10-19', 11023),
('rate-8', '2025-10-20', 16041),
('rate-8', '2025-10-21', 28472),
('rate-8', '2025-10-22', 13751),
('rate-8', '2025-10-23', 28145),
('rate-8', '2025-10-24', 19275),
('rate-8', '2025-10-25', 27720),
('rate-8', '2025-10-26', 23329),
('rate-8', '2025-10-27', 13742),
('rate-8', '2025-10-28', 20377),
('rate-8', '2025-10-29', 26007),
('rate-8', '2025-10-30', 18528),
('rate-8', '2025-10-31', 24510),
('rate-8', '2025-11-01', 17722),
('rate-8', '2025-11-02', 15329),
('rate-8', '2025-11-03', 10260),
('rate-8', '2025-11-04', 15240),
('rate-8', '2025-11-05', 22052),
('rate-8', '2025-11-06', 22777),
('rate-8', '2025-11-07', 12055),
('rate-8', '2025-11-08', 23578),
('rate-8', '2025-11-09', 22551),
('rate-8', '2025-11-10', 16985),
('rate-8', '2025-11-11', 14666),
('rate-8', '2025-11-12', 16739),
('rate-8', '2025-11-13', 26160),
('rate-8', '2025-11-14', 14007),
('rate-8', '2025-11-15', 20571),
('rate-8', '2025-11-16', 27340),
('rate-8', '2025-11-17', 17565),
('rate-8', '2025-11-18', 12178),
('rate-8', '2025-11-19', 27939),
('rate-8', '2025-11-20', 16638),
('rate-8', '2025-11-21', 25731),
('rate-8', '2025-11-22', 29588),
('rate-8', '2025-11-23', 10021),
('rate-8', '2025-11-24', 14650),
('rate-8', '2025-11-25', 18204),
('rate-8', '2025-11-26', 13660),
('rate-8', '2025-11-27', 13915),
('rate-8', '2025-11-28', 12309),
('rate-8', '2025-11-29', 17712),
('rate-9', '2025-10-01', 28819),
('rate-9', '2025-10-02', 25205),
('rate-9', '2025-10-03', 14568),
('rate-9', '2025-10-04', 22235),
('rate-9', '2025-10-05', 28285),
('rate-9', '2025-10-06', 23026),
('rate-9', '2025-10-07', 25498),
('rate-9', '2025-10-08', 23650),
('rate-9', '2025-10-09', 11250),
('rate-9', '2025-10-10', 24759),
('rate-9', '2025-10-11', 20218),
('rate-9', '2025-10-12', 13792),
('rate-9', '2025-10-13', 14768),
('rate-9', '2025-10-14', 26374),
('rate-9', '2025-10-15', 16554),
('rate-9', '2025-10-16', 17075),
('rate-9', '2025-10-17', 16086),
('rate-9', '2025-10-18', 19480),
('rate-9', '2025-10-19', 13722),
('rate-9', '2025-10-20', 25215),
('rate-9', '2025-10-21', 13779),
('rate-9', '2025-10-22', 10552),
('rate-9', '2025-10-23', 22287),
('rate-9', '2025-10-24', 18238),
('rate-9', '2025-10-25', 25833),
('rate-9', '2025-10-26', 29359),
('rate-9', '2025-10-27', 19082),
('rate-9', '2025-10-28', 11030),
('rate-9', '2025-10-29', 19108),
('rate-9', '2025-10-30', 21063),
('rate-9', '2025-10-31', 14426),
('rate-9', '2025-11-01', 25320),
('rate-9', '2025-11-02', 21167),
('rate-9', '2025-11-03', 28989),
('rate-9', '2025-11-04', 17117),
('rate-9', '2025-11-05', 11504),
('rate-9', '2025-11-06', 26832),
('rate-9', '2025-11-07', 25211),
('rate-9', '2025-11-08', 19284),
('rate-9', '2025-11-09', 15302),
('rate-9', '2025-11-10', 22017),
('rate-9', '2025-11-11', 13531),
('rate-9', '2025-11-12', 22726),
('rate-9', '2025-11-13', 11142),
('rate-9', '2025-11-14', 20199),
('rate-9', '2025-11-15', 11893),
('rate-9', '2025-11-16', 29814),
('rate-9', '2025-11-17', 26930),
('rate-9', '2025-11-18', 14246),
('rate-9', '2025-11-19', 29606),
('rate-9', '2025-11-20', 25534),
('rate-9', '2025-11-21', 20638),
('rate-9', '2025-11-22', 26035),
('rate-9', '2025-11-23', 26012),
('rate-9', '2025-11-24', 11008),
('rate-9', '2025-11-25', 17788),
('rate-9', '2025-11-26', 15633),
('rate-9', '2025-11-27', 23894),
('rate-9', '2025-11-28', 24275),
('rate-9', '2025-11-29', 24846),
('rate-10', '2025-10-01', 17292),
('rate-10', '2025-10-02', 16989),
('rate-10', '2025-10-03', 15040),
('rate-10', '2025-10-04', 15915),
('rate-10', '2025-10-05', 18645),
('rate-10', '2025-10-06', 26165),
('rate-10', '2025-10-07', 12011),
('rate-10', '2025-10-08', 16492),
('rate-10', '2025-10-09', 25782),
('rate-10', '2025-10-10', 25729),
('rate-10', '2025-10-11', 15641),
('rate-10', '2025-10-12', 23588),
('rate-10', '2025-10-13', 26070),
('rate-10', '2025-10-14', 20318),
('rate-10', '2025-10-15', 17115),
('rate-10', '2025-10-16', 24504),
('rate-10', '2025-10-17', 18585),
('rate-10', '2025-10-18', 16669),
('rate-10', '2025-10-19', 17404),
('rate-10', '2025-10-20', 10234),
('rate-10', '2025-10-21', 22631),
('rate-10', '2025-10-22', 19770),
('rate-10', '2025-10-23', 23050),
('rate-10', '2025-10-24', 21610),
('rate-10', '2025-10-25', 25399),
('rate-10', '2025-10-26', 17610),
('rate-10', '2025-10-27', 16447),
('rate-10', '2025-10-28', 16247),
('rate-10', '2025-10-29', 18840),
('rate-10', '2025-10-30', 23007),
('rate-10', '2025-10-31', 19920),
('rate-10', '2025-11-01', 20032),
('rate-10', '2025-11-02', 15325),
('rate-10', '2025-11-03', 23664),
('rate-10', '2025-11-04', 26954),
('rate-10', '2025-11-05', 16457),
('rate-10', '2025-11-06', 29908),
('rate-10', '2025-11-07', 29494),
('rate-10', '2025-11-08', 24571),
('rate-10', '2025-11-09', 18091),
('rate-10', '2025-11-10', 14267),
('rate-10', '2025-11-11', 27363),
('rate-10', '2025-11-12', 10711),
('rate-10', '2025-11-13', 25994),
('rate-10', '2025-11-14', 18897),
('rate-10', '2025-11-15', 15041),
('rate-10', '2025-11-16', 26570),
('rate-10', '2025-11-17', 20092),
('rate-10', '2025-11-18', 16562),
('rate-10', '2025-11-19', 10513),
('rate-10', '2025-11-20', 27908),
('rate-10', '2025-11-21', 25155),
('rate-10', '2025-11-22', 25516),
('rate-10', '2025-11-23', 27681),
('rate-10', '2025-11-24', 21341),
('rate-10', '2025-11-25', 19513),
('rate-10', '2025-11-26', 23552),
('rate-10', '2025-11-27', 20423),
('rate-10', '2025-11-28', 24149),
('rate-10', '2025-11-29', 20386),
('rate-11', '2025-10-01', 15176),
('rate-11', '2025-10-02', 21966),
('rate-11', '2025-10-03', 25478),
('rate-11', '2025-10-04', 26257),
('rate-11', '2025-10-05', 23004),
('rate-11', '2025-10-06', 12473),
('rate-11', '2025-10-07', 19192),
('rate-11', '2025-10-08', 22880),
('rate-11', '2025-10-09', 16136),
('rate-11', '2025-10-10', 16589),
('rate-11', '2025-10-11', 29645),
('rate-11', '2025-10-12', 11933),
('rate-11', '2025-10-13', 18311),
('rate-11', '2025-10-14', 10202),
('rate-11', '2025-10-15', 10639),
('rate-11', '2025-10-16', 17448),
('rate-11', '2025-10-17', 19793),
('rate-11', '2025-10-18', 21350),
('rate-11', '2025-10-19', 11933),
('rate-11', '2025-10-20', 19241),
('rate-11', '2025-10-21', 12276),
('rate-11', '2025-10-22', 11839),
('rate-11', '2025-10-23', 15758),
('rate-11', '2025-10-24', 20759),
('rate-11', '2025-10-25', 10111),
('rate-11', '2025-10-26', 15294),
('rate-11', '2025-10-27', 22472),
('rate-11', '2025-10-28', 17274),
('rate-11', '2025-10-29', 28148),
('rate-11', '2025-10-30', 22017),
('rate-11', '2025-10-31', 18808),
('rate-11', '2025-11-01', 27417),
('rate-11', '2025-11-02', 29689),
('rate-11', '2025-11-03', 13368),
('rate-11', '2025-11-04', 13902),
('rate-11', '2025-11-05', 20136),
('rate-11', '2025-11-06', 22277),
('rate-11', '2025-11-07', 14410),
('rate-11', '2025-11-08', 17150),
('rate-11', '2025-11-09', 17446),
('rate-11', '2025-11-10', 16313),
('rate-11', '2025-11-11', 29107),
('rate-11', '2025-11-12', 25585),
('rate-11', '2025-11-13', 18150),
('rate-11', '2025-11-14', 15768),
('rate-11', '2025-11-15', 21192),
('rate-11', '2025-11-16', 12152),
('rate-11', '2025-11-17', 20816),
('rate-11', '2025-11-18', 22727),
('rate-11', '2025-11-19', 21975),
('rate-11', '2025-11-20', 23247),
('rate-11', '2025-11-21', 27911),
('rate-11', '2025-11-22', 22824),
('rate-11', '2025-11-23', 27810),
('rate-11', '2025-11-24', 11575),
('rate-11', '2025-11-25', 18801),
('rate-11', '2025-11-26', 19300),
('rate-11', '2025-11-27', 16183),
('rate-11', '2025-11-28', 16139),
('rate-11', '2025-11-29', 22908),
('rate-12', '2025-10-01', 28035),
('rate-12', '2025-10-02', 28131),
('rate-12', '2025-10-03', 26450),
('rate-12', '2025-10-04', 17748),
('rate-12', '2025-10-05', 18978),
('rate-12', '2025-10-06', 13685),
('rate-12', '2025-10-07', 28489),
('rate-12', '2025-10-08', 17182),
('rate-12', '2025-10-09', 29112),
('rate-12', '2025-10-10', 16811),
('rate-12', '2025-10-11', 28628),
('rate-12', '2025-10-12', 22012),
('rate-12', '2025-10-13', 15643),
('rate-12', '2025-10-14', 13657),
('rate-12', '2025-10-15', 28856),
('rate-12', '2025-10-16', 27138),
('rate-12', '2025-10-17', 13737),
('rate-12', '2025-10-18', 12964),
('rate-12', '2025-10-19', 13534),
('rate-12', '2025-10-20', 11091),
('rate-12', '2025-10-21', 25428),
('rate-12', '2025-10-22', 12711),
('rate-12', '2025-10-23', 25396),
('rate-12', '2025-10-24', 28813),
('rate-12', '2025-10-25', 26663),
('rate-12', '2025-10-26', 19578),
('rate-12', '2025-10-27', 17074),
('rate-12', '2025-10-28', 16866),
('rate-12', '2025-10-29', 15496),
('rate-12', '2025-10-30', 19988),
('rate-12', '2025-10-31', 11948),
('rate-12', '2025-11-01', 28647),
('rate-12', '2025-11-02', 17529),
('rate-12', '2025-11-03', 25708),
('rate-12', '2025-11-04', 27051),
('rate-12', '2025-11-05', 25892),
('rate-12', '2025-11-06', 22182),
('rate-12', '2025-11-07', 16234),
('rate-12', '2025-11-08', 21158),
('rate-12', '2025-11-09', 16186),
('rate-12', '2025-11-10', 10828),
('rate-12', '2025-11-11', 25723),
('rate-12', '2025-11-12', 29115),
('rate-12', '2025-11-13', 24666),
('rate-12', '2025-11-14', 17239),
('rate-12', '2025-11-15', 15005),
('rate-12', '2025-11-16', 12085),
('rate-12', '2025-11-17', 27670),
('rate-12', '2025-11-18', 19811),
('rate-12', '2025-11-19', 13932),
('rate-12', '2025-11-20', 27831),
('rate-12', '2025-11-21', 27306),
('rate-12', '2025-11-22', 29411),
('rate-12', '2025-11-23', 29922),
('rate-12', '2025-11-24', 21795),
('rate-12', '2025-11-25', 11998),
('rate-12', '2025-11-26', 10481),
('rate-12', '2025-11-27', 28039),
('rate-12', '2025-11-28', 14768),
('rate-12', '2025-11-29', 11441),
('rate-13', '2025-10-01', 24869),
('rate-13', '2025-10-02', 17699),
('rate-13', '2025-10-03', 23500),
('rate-13', '2025-10-04', 25964),
('rate-13', '2025-10-05', 16031),
('rate-13', '2025-10-06', 18696),
('rate-13', '2025-10-07', 15821),
('rate-13', '2025-10-08', 20650),
('rate-13', '2025-10-09', 29884),
('rate-13', '2025-10-10', 23148),
('rate-13', '2025-10-11', 27713),
('rate-13', '2025-10-12', 19295),
('rate-13', '2025-10-13', 10378),
('rate-13', '2025-10-14', 12113),
('rate-13', '2025-10-15', 15120),
('rate-13', '2025-10-16', 15122),
('rate-13', '2025-10-17', 22432),
('rate-13', '2025-10-18', 20680),
('rate-13', '2025-10-19', 22570),
('rate-13', '2025-10-20', 29183),
('rate-13', '2025-10-21', 19051),
('rate-13', '2025-10-22', 15875),
('rate-13', '2025-10-23', 26249),
('rate-13', '2025-10-24', 20504),
('rate-13', '2025-10-25', 29109),
('rate-13', '2025-10-26', 20929),
('rate-13', '2025-10-27', 26302),
('rate-13', '2025-10-28', 23133),
('rate-13', '2025-10-29', 28742),
('rate-13', '2025-10-30', 20574),
('rate-13', '2025-10-31', 23873),
('rate-13', '2025-11-01', 29056),
('rate-13', '2025-11-02', 26466),
('rate-13', '2025-11-03', 10295),
('rate-13', '2025-11-04', 12376),
('rate-13', '2025-11-05', 22560),
('rate-13', '2025-11-06', 13817),
('rate-13', '2025-11-07', 26610),
('rate-13', '2025-11-08', 24915),
('rate-13', '2025-11-09', 19128),
('rate-13', '2025-11-10', 17789),
('rate-13', '2025-11-11', 27274),
('rate-13', '2025-11-12', 11771),
('rate-13', '2025-11-13', 18302),
('rate-13', '2025-11-14', 15437),
('rate-13', '2025-11-15', 21431),
('rate-13', '2025-11-16', 23199),
('rate-13', '2025-11-17', 21583),
('rate-13', '2025-11-18', 13554),
('rate-13', '2025-11-19', 18143),
('rate-13', '2025-11-20', 14056),
('rate-13', '2025-11-21', 25905),
('rate-13', '2025-11-22', 29946),
('rate-13', '2025-11-23', 18207),
('rate-13', '2025-11-24', 14386),
('rate-13', '2025-11-25', 29909),
('rate-13', '2025-11-26', 16667),
('rate-13', '2025-11-27', 18361),
('rate-13', '2025-11-28', 18433),
('rate-13', '2025-11-29', 26840),
('rate-14', '2025-10-01', 27367),
('rate-14', '2025-10-02', 11105),
('rate-14', '2025-10-03', 20508),
('rate-14', '2025-10-04', 19226),
('rate-14', '2025-10-05', 25347),
('rate-14', '2025-10-06', 10918),
('rate-14', '2025-10-07', 14903),
('rate-14', '2025-10-08', 14896),
('rate-14', '2025-10-09', 20129),
('rate-14', '2025-10-10', 18441),
('rate-14', '2025-10-11', 11514),
('rate-14', '2025-10-12', 20985),
('rate-14', '2025-10-13', 26198),
('rate-14', '2025-10-14', 22750),
('rate-14', '2025-10-15', 20252),
('rate-14', '2025-10-16', 19598),
('rate-14', '2025-10-17', 18258),
('rate-14', '2025-10-18', 22697),
('rate-14', '2025-10-19', 26924),
('rate-14', '2025-10-20', 12712),
('rate-14', '2025-10-21', 16646),
('rate-14', '2025-10-22', 14466),
('rate-14', '2025-10-23', 15910),
('rate-14', '2025-10-24', 11767),
('rate-14', '2025-10-25', 26865),
('rate-14', '2025-10-26', 28434),
('rate-14', '2025-10-27', 13263),
('rate-14', '2025-10-28', 11907),
('rate-14', '2025-10-29', 14469),
('rate-14', '2025-10-30', 12696),
('rate-14', '2025-10-31', 26677),
('rate-14', '2025-11-01', 20421),
('rate-14', '2025-11-02', 22442),
('rate-14', '2025-11-03', 17262),
('rate-14', '2025-11-04', 10817),
('rate-14', '2025-11-05', 28754),
('rate-14', '2025-11-06', 25629),
('rate-14', '2025-11-07', 29048),
('rate-14', '2025-11-08', 12154),
('rate-14', '2025-11-09', 27912),
('rate-14', '2025-11-10', 12650),
('rate-14', '2025-11-11', 17019),
('rate-14', '2025-11-12', 10904),
('rate-14', '2025-11-13', 17346),
('rate-14', '2025-11-14', 24491),
('rate-14', '2025-11-15', 20099),
('rate-14', '2025-11-16', 12037),
('rate-14', '2025-11-17', 28195),
('rate-14', '2025-11-18', 21050),
('rate-14', '2025-11-19', 23822),
('rate-14', '2025-11-20', 23927),
('rate-14', '2025-11-21', 20938),
('rate-14', '2025-11-22', 19224),
('rate-14', '2025-11-23', 28995),
('rate-14', '2025-11-24', 17008),
('rate-14', '2025-11-25', 10581),
('rate-14', '2025-11-26', 28467),
('rate-14', '2025-11-27', 27312),
('rate-14', '2025-11-28', 16578),
('rate-14', '2025-11-29', 21863),
('rate-15', '2025-10-01', 18187),
('rate-15', '2025-10-02', 22209),
('rate-15', '2025-10-03', 29141),
('rate-15', '2025-10-04', 21658),
('rate-15', '2025-10-05', 25742),
('rate-15', '2025-10-06', 27018),
('rate-15', '2025-10-07', 25501),
('rate-15', '2025-10-08', 29494),
('rate-15', '2025-10-09', 21675),
('rate-15', '2025-10-10', 16013),
('rate-15', '2025-10-11', 18483),
('rate-15', '2025-10-12', 27326),
('rate-15', '2025-10-13', 24845),
('rate-15', '2025-10-14', 10622),
('rate-15', '2025-10-15', 20324),
('rate-15', '2025-10-16', 17902),
('rate-15', '2025-10-17', 18673),
('rate-15', '2025-10-18', 12716),
('rate-15', '2025-10-19', 25371),
('rate-15', '2025-10-20', 12279),
('rate-15', '2025-10-21', 11995),
('rate-15', '2025-10-22', 28594),
('rate-15', '2025-10-23', 16455),
('rate-15', '2025-10-24', 25474),
('rate-15', '2025-10-25', 16134),
('rate-15', '2025-10-26', 16886),
('rate-15', '2025-10-27', 18014),
('rate-15', '2025-10-28', 10917),
('rate-15', '2025-10-29', 20832),
('rate-15', '2025-10-30', 21555),
('rate-15', '2025-10-31', 27703),
('rate-15', '2025-11-01', 18703),
('rate-15', '2025-11-02', 23176),
('rate-15', '2025-11-03', 24314),
('rate-15', '2025-11-04', 27907),
('rate-15', '2025-11-05', 10854),
('rate-15', '2025-11-06', 13008),
('rate-15', '2025-11-07', 25325),
('rate-15', '2025-11-08', 24869),
('rate-15', '2025-11-09', 29644),
('rate-15', '2025-11-10', 20559),
('rate-15', '2025-11-11', 15889),
('rate-15', '2025-11-12', 14976),
('rate-15', '2025-11-13', 25993),
('rate-15', '2025-11-14', 18708),
('rate-15', '2025-11-15', 11647),
('rate-15', '2025-11-16', 20918),
('rate-15', '2025-11-17', 28425),
('rate-15', '2025-11-18', 28932),
('rate-15', '2025-11-19', 25801),
('rate-15', '2025-11-20', 12455),
('rate-15', '2025-11-21', 28969),
('rate-15', '2025-11-22', 19915),
('rate-15', '2025-11-23', 18394),
('rate-15', '2025-11-24', 19129),
('rate-15', '2025-11-25', 21024),
('rate-15', '2025-11-26', 22290),
('rate-15', '2025-11-27', 14478),
('rate-15', '2025-11-28', 20030),
('rate-15', '2025-11-29', 12165),
('rate-16', '2025-10-01', 13734),
('rate-16', '2025-10-02', 16456),
('rate-16', '2025-10-03', 17748),
('rate-16', '2025-10-04', 23729),
('rate-16', '2025-10-05', 15558),
('rate-16', '2025-10-06', 12770),
('rate-16', '2025-10-07', 16576),
('rate-16', '2025-10-08', 25162),
('rate-16', '2025-10-09', 14586),
('rate-16', '2025-10-10', 14308),
('rate-16', '2025-10-11', 22536),
('rate-16', '2025-10-12', 14953),
('rate-16', '2025-10-13', 29230),
('rate-16', '2025-10-14', 21905),
('rate-16', '2025-10-15', 24783),
('rate-16', '2025-10-16', 19599),
('rate-16', '2025-10-17', 29542),
('rate-16', '2025-10-18', 11823),
('rate-16', '2025-10-19', 18639),
('rate-16', '2025-10-20', 20116),
('rate-16', '2025-10-21', 22969),
('rate-16', '2025-10-22', 18267),
('rate-16', '2025-10-23', 25593),
('rate-16', '2025-10-24', 10895),
('rate-16', '2025-10-25', 11002),
('rate-16', '2025-10-26', 22030),
('rate-16', '2025-10-27', 14543),
('rate-16', '2025-10-28', 27814),
('rate-16', '2025-10-29', 21573),
('rate-16', '2025-10-30', 17548),
('rate-16', '2025-10-31', 25979),
('rate-16', '2025-11-01', 28972),
('rate-16', '2025-11-02', 13722),
('rate-16', '2025-11-03', 14254),
('rate-16', '2025-11-04', 17121),
('rate-16', '2025-11-05', 16192),
('rate-16', '2025-11-06', 27998),
('rate-16', '2025-11-07', 23433),
('rate-16', '2025-11-08', 20389),
('rate-16', '2025-11-09', 25469),
('rate-16', '2025-11-10', 14365),
('rate-16', '2025-11-11', 21008),
('rate-16', '2025-11-12', 26250),
('rate-16', '2025-11-13', 11861),
('rate-16', '2025-11-14', 16092),
('rate-16', '2025-11-15', 26166),
('rate-16', '2025-11-16', 16543),
('rate-16', '2025-11-17', 11919),
('rate-16', '2025-11-18', 26884),
('rate-16', '2025-11-19', 15901),
('rate-16', '2025-11-20', 11984),
('rate-16', '2025-11-21', 13629),
('rate-16', '2025-11-22', 23610),
('rate-16', '2025-11-23', 15020),
('rate-16', '2025-11-24', 16845),
('rate-16', '2025-11-25', 24560),
('rate-16', '2025-11-26', 26108),
('rate-16', '2025-11-27', 15302),
('rate-16', '2025-11-28', 19343),
('rate-16', '2025-11-29', 17237),
('rate-17', '2025-10-01', 22601),
('rate-17', '2025-10-02', 18183),
('rate-17', '2025-10-03', 23144),
('rate-17', '2025-10-04', 18122),
('rate-17', '2025-10-05', 20000),
('rate-17', '2025-10-06', 11295),
('rate-17', '2025-10-07', 18680),
('rate-17', '2025-10-08', 20803),
('rate-17', '2025-10-09', 20357),
('rate-17', '2025-10-10', 28147),
('rate-17', '2025-10-11', 12802),
('rate-17', '2025-10-12', 16855),
('rate-17', '2025-10-13', 23358),
('rate-17', '2025-10-14', 25461),
('rate-17', '2025-10-15', 25054),
('rate-17', '2025-10-16', 28670),
('rate-17', '2025-10-17', 20748),
('rate-17', '2025-10-18', 28218),
('rate-17', '2025-10-19', 29633),
('rate-17', '2025-10-20', 28030),
('rate-17', '2025-10-21', 24162),
('rate-17', '2025-10-22', 22282),
('rate-17', '2025-10-23', 14555),
('rate-17', '2025-10-24', 19897),
('rate-17', '2025-10-25', 13306),
('rate-17', '2025-10-26', 12041),
('rate-17', '2025-10-27', 24704),
('rate-17', '2025-10-28', 23656),
('rate-17', '2025-10-29', 17537),
('rate-17', '2025-10-30', 28683),
('rate-17', '2025-10-31', 11969),
('rate-17', '2025-11-01', 11000),
('rate-17', '2025-11-02', 26282),
('rate-17', '2025-11-03', 14498),
('rate-17', '2025-11-04', 14698),
('rate-17', '2025-11-05', 23524),
('rate-17', '2025-11-06', 26544),
('rate-17', '2025-11-07', 28457),
('rate-17', '2025-11-08', 22669),
('rate-17', '2025-11-09', 23535),
('rate-17', '2025-11-10', 11580),
('rate-17', '2025-11-11', 16370),
('rate-17', '2025-11-12', 23810),
('rate-17', '2025-11-13', 28296),
('rate-17', '2025-11-14', 25609),
('rate-17', '2025-11-15', 20489),
('rate-17', '2025-11-16', 27248),
('rate-17', '2025-11-17', 17917),
('rate-17', '2025-11-18', 13642),
('rate-17', '2025-11-19', 20667),
('rate-17', '2025-11-20', 23780),
('rate-17', '2025-11-21', 19399),
('rate-17', '2025-11-22', 12145),
('rate-17', '2025-11-23', 27532),
('rate-17', '2025-11-24', 19316),
('rate-17', '2025-11-25', 11315),
('rate-17', '2025-11-26', 23562),
('rate-17', '2025-11-27', 12347),
('rate-17', '2025-11-28', 25426),
('rate-17', '2025-11-29', 24595),
('rate-18', '2025-10-01', 10044),
('rate-18', '2025-10-02', 22180),
('rate-18', '2025-10-03', 17074),
('rate-18', '2025-10-04', 10467),
('rate-18', '2025-10-05', 18287),
('rate-18', '2025-10-06', 11290),
('rate-18', '2025-10-07', 21569),
('rate-18', '2025-10-08', 14595),
('rate-18', '2025-10-09', 28993),
('rate-18', '2025-10-10', 17189),
('rate-18', '2025-10-11', 22117),
('rate-18', '2025-10-12', 28351),
('rate-18', '2025-10-13', 22113),
('rate-18', '2025-10-14', 17214),
('rate-18', '2025-10-15', 25502),
('rate-18', '2025-10-16', 10379),
('rate-18', '2025-10-17', 12242),
('rate-18', '2025-10-18', 18575),
('rate-18', '2025-10-19', 20424),
('rate-18', '2025-10-20', 26418),
('rate-18', '2025-10-21', 20706),
('rate-18', '2025-10-22', 26660),
('rate-18', '2025-10-23', 12449),
('rate-18', '2025-10-24', 11453),
('rate-18', '2025-10-25', 25229),
('rate-18', '2025-10-26', 21528),
('rate-18', '2025-10-27', 18283),
('rate-18', '2025-10-28', 14490),
('rate-18', '2025-10-29', 11412),
('rate-18', '2025-10-30', 20741),
('rate-18', '2025-10-31', 28657),
('rate-18', '2025-11-01', 25867),
('rate-18', '2025-11-02', 21598),
('rate-18', '2025-11-03', 16405),
('rate-18', '2025-11-04', 20937),
('rate-18', '2025-11-05', 13116),
('rate-18', '2025-11-06', 11756),
('rate-18', '2025-11-07', 19676),
('rate-18', '2025-11-08', 28442),
('rate-18', '2025-11-09', 17853),
('rate-18', '2025-11-10', 29874),
('rate-18', '2025-11-11', 12799),
('rate-18', '2025-11-12', 23616),
('rate-18', '2025-11-13', 15888),
('rate-18', '2025-11-14', 11293),
('rate-18', '2025-11-15', 16066),
('rate-18', '2025-11-16', 12775),
('rate-18', '2025-11-17', 16061),
('rate-18', '2025-11-18', 29647),
('rate-18', '2025-11-19', 14255),
('rate-18', '2025-11-20', 18433),
('rate-18', '2025-11-21', 13909),
('rate-18', '2025-11-22', 20719),
('rate-18', '2025-11-23', 14753),
('rate-18', '2025-11-24', 15446),
('rate-18', '2025-11-25', 17212),
('rate-18', '2025-11-26', 26046),
('rate-18', '2025-11-27', 21310),
('rate-18', '2025-11-28', 22204),
('rate-18', '2025-11-29', 13583),
('rate-19', '2025-10-01', 12810),
('rate-19', '2025-10-02', 16492),
('rate-19', '2025-10-03', 14605),
('rate-19', '2025-10-04', 10973),
('rate-19', '2025-10-05', 12617),
('rate-19', '2025-10-06', 29721),
('rate-19', '2025-10-07', 25143),
('rate-19', '2025-10-08', 11601),
('rate-19', '2025-10-09', 12873),
('rate-19', '2025-10-10', 24409),
('rate-19', '2025-10-11', 13946),
('rate-19', '2025-10-12', 16304),
('rate-19', '2025-10-13', 13562),
('rate-19', '2025-10-14', 11128),
('rate-19', '2025-10-15', 24765),
('rate-19', '2025-10-16', 20879),
('rate-19', '2025-10-17', 23133),
('rate-19', '2025-10-18', 11121),
('rate-19', '2025-10-19', 14038),
('rate-19', '2025-10-20', 13802),
('rate-19', '2025-10-21', 16815),
('rate-19', '2025-10-22', 25102),
('rate-19', '2025-10-23', 19833),
('rate-19', '2025-10-24', 11574),
('rate-19', '2025-10-25', 29754),
('rate-19', '2025-10-26', 15137),
('rate-19', '2025-10-27', 27281),
('rate-19', '2025-10-28', 13062),
('rate-19', '2025-10-29', 22571),
('rate-19', '2025-10-30', 11549),
('rate-19', '2025-10-31', 25163),
('rate-19', '2025-11-01', 13233),
('rate-19', '2025-11-02', 15339),
('rate-19', '2025-11-03', 12347),
('rate-19', '2025-11-04', 12418),
('rate-19', '2025-11-05', 18113),
('rate-19', '2025-11-06', 14301),
('rate-19', '2025-11-07', 11630),
('rate-19', '2025-11-08', 10866),
('rate-19', '2025-11-09', 24606),
('rate-19', '2025-11-10', 23062),
('rate-19', '2025-11-11', 21828),
('rate-19', '2025-11-12', 12309),
('rate-19', '2025-11-13', 25215),
('rate-19', '2025-11-14', 19571),
('rate-19', '2025-11-15', 29102),
('rate-19', '2025-11-16', 12745),
('rate-19', '2025-11-17', 16595),
('rate-19', '2025-11-18', 21502),
('rate-19', '2025-11-19', 15495),
('rate-19', '2025-11-20', 14360),
('rate-19', '2025-11-21', 10038),
('rate-19', '2025-11-22', 16086),
('rate-19', '2025-11-23', 21977),
('rate-19', '2025-11-24', 12911),
('rate-19', '2025-11-25', 26417),
('rate-19', '2025-11-26', 28000),
('rate-19', '2025-11-27', 12300),
('rate-19', '2025-11-28', 20644),
('rate-19', '2025-11-29', 18571),
('rate-20', '2025-10-01', 12804),
('rate-20', '2025-10-02', 10521),
('rate-20', '2025-10-03', 22198),
('rate-20', '2025-10-04', 21697),
('rate-20', '2025-10-05', 21067),
('rate-20', '2025-10-06', 11229),
('rate-20', '2025-10-07', 10390),
('rate-20', '2025-10-08', 11176),
('rate-20', '2025-10-09', 18272),
('rate-20', '2025-10-10', 11324),
('rate-20', '2025-10-11', 21128),
('rate-20', '2025-10-12', 26550),
('rate-20', '2025-10-13', 29932),
('rate-20', '2025-10-14', 14061),
('rate-20', '2025-10-15', 29896),
('rate-20', '2025-10-16', 25473),
('rate-20', '2025-10-17', 20844),
('rate-20', '2025-10-18', 12032),
('rate-20', '2025-10-19', 22406),
('rate-20', '2025-10-20', 24774),
('rate-20', '2025-10-21', 18293),
('rate-20', '2025-10-22', 24330),
('rate-20', '2025-10-23', 13687),
('rate-20', '2025-10-24', 10183),
('rate-20', '2025-10-25', 20269),
('rate-20', '2025-10-26', 24020),
('rate-20', '2025-10-27', 21138),
('rate-20', '2025-10-28', 12401),
('rate-20', '2025-10-29', 15984),
('rate-20', '2025-10-30', 25813),
('rate-20', '2025-10-31', 16667),
('rate-20', '2025-11-01', 10895),
('rate-20', '2025-11-02', 16225),
('rate-20', '2025-11-03', 25423),
('rate-20', '2025-11-04', 16990),
('rate-20', '2025-11-05', 20011),
('rate-20', '2025-11-06', 26342),
('rate-20', '2025-11-07', 26711),
('rate-20', '2025-11-08', 12436),
('rate-20', '2025-11-09', 20694),
('rate-20', '2025-11-10', 27617),
('rate-20', '2025-11-11', 27414),
('rate-20', '2025-11-12', 27908),
('rate-20', '2025-11-13', 14009),
('rate-20', '2025-11-14', 17615),
('rate-20', '2025-11-15', 10270),
('rate-20', '2025-11-16', 19737),
('rate-20', '2025-11-17', 19950),
('rate-20', '2025-11-18', 18235),
('rate-20', '2025-11-19', 10458),
('rate-20', '2025-11-20', 16507),
('rate-20', '2025-11-21', 19636),
('rate-20', '2025-11-22', 12886),
('rate-20', '2025-11-23', 19977),
('rate-20', '2025-11-24', 23898),
('rate-20', '2025-11-25', 25613),
('rate-20', '2025-11-26', 22754),
('rate-20', '2025-11-27', 17291),
('rate-20', '2025-11-28', 14480),
('rate-20', '2025-11-29', 26513),
('rate-21', '2025-10-01', 27163),
('rate-21', '2025-10-02', 16650),
('rate-21', '2025-10-03', 14865),
('rate-21', '2025-10-04', 16412),
('rate-21', '2025-10-05', 11173),
('rate-21', '2025-10-06', 29461),
('rate-21', '2025-10-07', 28343),
('rate-21', '2025-10-08', 18616),
('rate-21', '2025-10-09', 17189),
('rate-21', '2025-10-10', 14054),
('rate-21', '2025-10-11', 24453),
('rate-21', '2025-10-12', 15147),
('rate-21', '2025-10-13', 17535),
('rate-21', '2025-10-14', 28913),
('rate-21', '2025-10-15', 25521),
('rate-21', '2025-10-16', 24591),
('rate-21', '2025-10-17', 23633),
('rate-21', '2025-10-18', 13979),
('rate-21', '2025-10-19', 18502),
('rate-21', '2025-10-20', 14886),
('rate-21', '2025-10-21', 12825),
('rate-21', '2025-10-22', 27870),
('rate-21', '2025-10-23', 12346),
('rate-21', '2025-10-24', 19817),
('rate-21', '2025-10-25', 19381),
('rate-21', '2025-10-26', 17837),
('rate-21', '2025-10-27', 26052),
('rate-21', '2025-10-28', 20086),
('rate-21', '2025-10-29', 10803),
('rate-21', '2025-10-30', 26652),
('rate-21', '2025-10-31', 14581),
('rate-21', '2025-11-01', 14651),
('rate-21', '2025-11-02', 22012),
('rate-21', '2025-11-03', 23144),
('rate-21', '2025-11-04', 29266),
('rate-21', '2025-11-05', 13179),
('rate-21', '2025-11-06', 24031),
('rate-21', '2025-11-07', 10413),
('rate-21', '2025-11-08', 21308),
('rate-21', '2025-11-09', 28126),
('rate-21', '2025-11-10', 10140),
('rate-21', '2025-11-11', 18097),
('rate-21', '2025-11-12', 13651),
('rate-21', '2025-11-13', 15315),
('rate-21', '2025-11-14', 23309),
('rate-21', '2025-11-15', 21875),
('rate-21', '2025-11-16', 28086),
('rate-21', '2025-11-17', 18656),
('rate-21', '2025-11-18', 11846),
('rate-21', '2025-11-19', 16741),
('rate-21', '2025-11-20', 23229),
('rate-21', '2025-11-21', 10962),
('rate-21', '2025-11-22', 17266),
('rate-21', '2025-11-23', 13808),
('rate-21', '2025-11-24', 29512),
('rate-21', '2025-11-25', 29172),
('rate-21', '2025-11-26', 19573),
('rate-21', '2025-11-27', 19417),
('rate-21', '2025-11-28', 11738),
('rate-21', '2025-11-29', 20013),
('rate-22', '2025-10-01', 27240),
('rate-22', '2025-10-02', 13415),
('rate-22', '2025-10-03', 23073),
('rate-22', '2025-10-04', 23102),
('rate-22', '2025-10-05', 16964),
('rate-22', '2025-10-06', 10312),
('rate-22', '2025-10-07', 20302),
('rate-22', '2025-10-08', 11502),
('rate-22', '2025-10-09', 27302),
('rate-22', '2025-10-10', 16359),
('rate-22', '2025-10-11', 16033),
('rate-22', '2025-10-12', 15247),
('rate-22', '2025-10-13', 29736),
('rate-22', '2025-10-14', 26404),
('rate-22', '2025-10-15', 20692),
('rate-22', '2025-10-16', 23526),
('rate-22', '2025-10-17', 29247),
('rate-22', '2025-10-18', 17961),
('rate-22', '2025-10-19', 29661),
('rate-22', '2025-10-20', 28554),
('rate-22', '2025-10-21', 16013),
('rate-22', '2025-10-22', 24819),
('rate-22', '2025-10-23', 11446),
('rate-22', '2025-10-24', 24709),
('rate-22', '2025-10-25', 25511),
('rate-22', '2025-10-26', 18139),
('rate-22', '2025-10-27', 29527),
('rate-22', '2025-10-28', 25065),
('rate-22', '2025-10-29', 13062),
('rate-22', '2025-10-30', 22217),
('rate-22', '2025-10-31', 17896),
('rate-22', '2025-11-01', 18489),
('rate-22', '2025-11-02', 21454),
('rate-22', '2025-11-03', 16002),
('rate-22', '2025-11-04', 19653),
('rate-22', '2025-11-05', 13797),
('rate-22', '2025-11-06', 22791),
('rate-22', '2025-11-07', 11355),
('rate-22', '2025-11-08', 13795),
('rate-22', '2025-11-09', 21929),
('rate-22', '2025-11-10', 13915),
('rate-22', '2025-11-11', 21135),
('rate-22', '2025-11-12', 11118),
('rate-22', '2025-11-13', 16656),
('rate-22', '2025-11-14', 20651),
('rate-22', '2025-11-15', 15107),
('rate-22', '2025-11-16', 11463),
('rate-22', '2025-11-17', 15193),
('rate-22', '2025-11-18', 12721),
('rate-22', '2025-11-19', 24588),
('rate-22', '2025-11-20', 19256),
('rate-22', '2025-11-21', 28360),
('rate-22', '2025-11-22', 20543),
('rate-22', '2025-11-23', 16260),
('rate-22', '2025-11-24', 10059),
('rate-22', '2025-11-25', 15105),
('rate-22', '2025-11-26', 10119),
('rate-22', '2025-11-27', 14165),
('rate-22', '2025-11-28', 28302),
('rate-22', '2025-11-29', 21744),
('rate-23', '2025-10-01', 16590),
('rate-23', '2025-10-02', 10088),
('rate-23', '2025-10-03', 16709),
('rate-23', '2025-10-04', 29900),
('rate-23', '2025-10-05', 26654),
('rate-23', '2025-10-06', 23408),
('rate-23', '2025-10-07', 15589),
('rate-23', '2025-10-08', 21704),
('rate-23', '2025-10-09', 19715),
('rate-23', '2025-10-10', 28257),
('rate-23', '2025-10-11', 21121),
('rate-23', '2025-10-12', 20211),
('rate-23', '2025-10-13', 10066),
('rate-23', '2025-10-14', 28337),
('rate-23', '2025-10-15', 17495),
('rate-23', '2025-10-16', 15644),
('rate-23', '2025-10-17', 24584),
('rate-23', '2025-10-18', 10787),
('rate-23', '2025-10-19', 26902),
('rate-23', '2025-10-20', 22031),
('rate-23', '2025-10-21', 18840),
('rate-23', '2025-10-22', 22669),
('rate-23', '2025-10-23', 23594),
('rate-23', '2025-10-24', 21601),
('rate-23', '2025-10-25', 17492),
('rate-23', '2025-10-26', 18955),
('rate-23', '2025-10-27', 14101),
('rate-23', '2025-10-28', 23405),
('rate-23', '2025-10-29', 15035),
('rate-23', '2025-10-30', 19623),
('rate-23', '2025-10-31', 18605),
('rate-23', '2025-11-01', 26701),
('rate-23', '2025-11-02', 11816),
('rate-23', '2025-11-03', 12948),
('rate-23', '2025-11-04', 10499),
('rate-23', '2025-11-05', 17305),
('rate-23', '2025-11-06', 18221),
('rate-23', '2025-11-07', 16842),
('rate-23', '2025-11-08', 15097),
('rate-23', '2025-11-09', 21003),
('rate-23', '2025-11-10', 14354),
('rate-23', '2025-11-11', 28678),
('rate-23', '2025-11-12', 23698),
('rate-23', '2025-11-13', 29795),
('rate-23', '2025-11-14', 27943),
('rate-23', '2025-11-15', 23093),
('rate-23', '2025-11-16', 20931),
('rate-23', '2025-11-17', 24933),
('rate-23', '2025-11-18', 20038),
('rate-23', '2025-11-19', 26221),
('rate-23', '2025-11-20', 17250),
('rate-23', '2025-11-21', 21971),
('rate-23', '2025-11-22', 14967),
('rate-23', '2025-11-23', 10318),
('rate-23', '2025-11-24', 22741),
('rate-23', '2025-11-25', 21032),
('rate-23', '2025-11-26', 16148),
('rate-23', '2025-11-27', 24017),
('rate-23', '2025-11-28', 25960),
('rate-23', '2025-11-29', 10582),
('rate-24', '2025-10-01', 16891),
('rate-24', '2025-10-02', 24979),
('rate-24', '2025-10-03', 18030),
('rate-24', '2025-10-04', 11661),
('rate-24', '2025-10-05', 11576),
('rate-24', '2025-10-06', 21166),
('rate-24', '2025-10-07', 27509),
('rate-24', '2025-10-08', 18536),
('rate-24', '2025-10-09', 25623),
('rate-24', '2025-10-10', 13275),
('rate-24', '2025-10-11', 18017),
('rate-24', '2025-10-12', 28006),
('rate-24', '2025-10-13', 29670),
('rate-24', '2025-10-14', 26948),
('rate-24', '2025-10-15', 23771),
('rate-24', '2025-10-16', 19405),
('rate-24', '2025-10-17', 12138),
('rate-24', '2025-10-18', 22773),
('rate-24', '2025-10-19', 20840),
('rate-24', '2025-10-20', 14833),
('rate-24', '2025-10-21', 19691),
('rate-24', '2025-10-22', 16773),
('rate-24', '2025-10-23', 20101),
('rate-24', '2025-10-24', 11236),
('rate-24', '2025-10-25', 18902),
('rate-24', '2025-10-26', 16253),
('rate-24', '2025-10-27', 10200),
('rate-24', '2025-10-28', 21886),
('rate-24', '2025-10-29', 18585),
('rate-24', '2025-10-30', 15804),
('rate-24', '2025-10-31', 20329),
('rate-24', '2025-11-01', 17873),
('rate-24', '2025-11-02', 13512),
('rate-24', '2025-11-03', 19707),
('rate-24', '2025-11-04', 14208),
('rate-24', '2025-11-05', 27697),
('rate-24', '2025-11-06', 19327),
('rate-24', '2025-11-07', 10116),
('rate-24', '2025-11-08', 12341),
('rate-24', '2025-11-09', 18954),
('rate-24', '2025-11-10', 26963),
('rate-24', '2025-11-11', 14066),
('rate-24', '2025-11-12', 11274),
('rate-24', '2025-11-13', 21322),
('rate-24', '2025-11-14', 16234),
('rate-24', '2025-11-15', 12374),
('rate-24', '2025-11-16', 10550),
('rate-24', '2025-11-17', 24764),
('rate-24', '2025-11-18', 25742),
('rate-24', '2025-11-19', 11789),
('rate-24', '2025-11-20', 10724),
('rate-24', '2025-11-21', 23345),
('rate-24', '2025-11-22', 17997),
('rate-24', '2025-11-23', 29266),
('rate-24', '2025-11-24', 26523),
('rate-24', '2025-11-25', 24457),
('rate-24', '2025-11-26', 26752),
('rate-24', '2025-11-27', 10399),
('rate-24', '2025-11-28', 24934),
('rate-24', '2025-11-29', 17841),
('rate-25', '2025-10-01', 12542),
('rate-25', '2025-10-02', 28017),
('rate-25', '2025-10-03', 17391),
('rate-25', '2025-10-04', 29165),
('rate-25', '2025-10-05', 16469),
('rate-25', '2025-10-06', 28164),
('rate-25', '2025-10-07', 21825),
('rate-25', '2025-10-08', 19170),
('rate-25', '2025-10-09', 10993),
('rate-25', '2025-10-10', 24976),
('rate-25', '2025-10-11', 17516),
('rate-25', '2025-10-12', 27090),
('rate-25', '2025-10-13', 28162),
('rate-25', '2025-10-14', 16771),
('rate-25', '2025-10-15', 11154),
('rate-25', '2025-10-16', 20851),
('rate-25', '2025-10-17', 17720),
('rate-25', '2025-10-18', 20841),
('rate-25', '2025-10-19', 17090),
('rate-25', '2025-10-20', 28936),
('rate-25', '2025-10-21', 26990),
('rate-25', '2025-10-22', 16407),
('rate-25', '2025-10-23', 26545),
('rate-25', '2025-10-24', 22147),
('rate-25', '2025-10-25', 10566),
('rate-25', '2025-10-26', 14297),
('rate-25', '2025-10-27', 22090),
('rate-25', '2025-10-28', 11591),
('rate-25', '2025-10-29', 29141),
('rate-25', '2025-10-30', 18026),
('rate-25', '2025-10-31', 27339),
('rate-25', '2025-11-01', 21733),
('rate-25', '2025-11-02', 24025),
('rate-25', '2025-11-03', 27140),
('rate-25', '2025-11-04', 16221),
('rate-25', '2025-11-05', 17068),
('rate-25', '2025-11-06', 29285),
('rate-25', '2025-11-07', 19368),
('rate-25', '2025-11-08', 28083),
('rate-25', '2025-11-09', 19442),
('rate-25', '2025-11-10', 28259),
('rate-25', '2025-11-11', 17798),
('rate-25', '2025-11-12', 23156),
('rate-25', '2025-11-13', 16794),
('rate-25', '2025-11-14', 25145),
('rate-25', '2025-11-15', 11086),
('rate-25', '2025-11-16', 23462),
('rate-25', '2025-11-17', 24957),
('rate-25', '2025-11-18', 20493),
('rate-25', '2025-11-19', 17240),
('rate-25', '2025-11-20', 26044),
('rate-25', '2025-11-21', 16324),
('rate-25', '2025-11-22', 18608),
('rate-25', '2025-11-23', 21359),
('rate-25', '2025-11-24', 14236),
('rate-25', '2025-11-25', 29035),
('rate-25', '2025-11-26', 27813),
('rate-25', '2025-11-27', 25548),
('rate-25', '2025-11-28', 23068),
('rate-25', '2025-11-29', 23708),
('rate-26', '2025-10-01', 17494),
('rate-26', '2025-10-02', 25257),
('rate-26', '2025-10-03', 15158),
('rate-26', '2025-10-04', 26095),
('rate-26', '2025-10-05', 20991),
('rate-26', '2025-10-06', 26369),
('rate-26', '2025-10-07', 23282),
('rate-26', '2025-10-08', 26594),
('rate-26', '2025-10-09', 19002),
('rate-26', '2025-10-10', 29076),
('rate-26', '2025-10-11', 14740),
('rate-26', '2025-10-12', 25819),
('rate-26', '2025-10-13', 20854),
('rate-26', '2025-10-14', 25927),
('rate-26', '2025-10-15', 21117),
('rate-26', '2025-10-16', 16344),
('rate-26', '2025-10-17', 20130),
('rate-26', '2025-10-18', 22136),
('rate-26', '2025-10-19', 13623),
('rate-26', '2025-10-20', 15988),
('rate-26', '2025-10-21', 19345),
('rate-26', '2025-10-22', 23208),
('rate-26', '2025-10-23', 29729),
('rate-26', '2025-10-24', 10491),
('rate-26', '2025-10-25', 28823),
('rate-26', '2025-10-26', 18707),
('rate-26', '2025-10-27', 21398),
('rate-26', '2025-10-28', 19559),
('rate-26', '2025-10-29', 16919),
('rate-26', '2025-10-30', 27332),
('rate-26', '2025-10-31', 20666),
('rate-26', '2025-11-01', 24536),
('rate-26', '2025-11-02', 11640),
('rate-26', '2025-11-03', 21518),
('rate-26', '2025-11-04', 11309),
('rate-26', '2025-11-05', 19676),
('rate-26', '2025-11-06', 26189),
('rate-26', '2025-11-07', 28250),
('rate-26', '2025-11-08', 28448),
('rate-26', '2025-11-09', 25185),
('rate-26', '2025-11-10', 19767),
('rate-26', '2025-11-11', 24435),
('rate-26', '2025-11-12', 17818),
('rate-26', '2025-11-13', 17174),
('rate-26', '2025-11-14', 17419),
('rate-26', '2025-11-15', 12506),
('rate-26', '2025-11-16', 22204),
('rate-26', '2025-11-17', 12100),
('rate-26', '2025-11-18', 10785),
('rate-26', '2025-11-19', 15842),
('rate-26', '2025-11-20', 17639),
('rate-26', '2025-11-21', 11256),
('rate-26', '2025-11-22', 24562),
('rate-26', '2025-11-23', 16285),
('rate-26', '2025-11-24', 17036),
('rate-26', '2025-11-25', 26943),
('rate-26', '2025-11-26', 24757),
('rate-26', '2025-11-27', 15612),
('rate-26', '2025-11-28', 21936),
('rate-26', '2025-11-29', 19042),
('rate-27', '2025-10-01', 20026),
('rate-27', '2025-10-02', 16680),
('rate-27', '2025-10-03', 13433),
('rate-27', '2025-10-04', 13969),
('rate-27', '2025-10-05', 19226),
('rate-27', '2025-10-06', 26843),
('rate-27', '2025-10-07', 17063),
('rate-27', '2025-10-08', 16341),
('rate-27', '2025-10-09', 17241),
('rate-27', '2025-10-10', 13757),
('rate-27', '2025-10-11', 27253),
('rate-27', '2025-10-12', 22237),
('rate-27', '2025-10-13', 14342),
('rate-27', '2025-10-14', 12305),
('rate-27', '2025-10-15', 19275),
('rate-27', '2025-10-16', 23092),
('rate-27', '2025-10-17', 29997),
('rate-27', '2025-10-18', 17040),
('rate-27', '2025-10-19', 20973),
('rate-27', '2025-10-20', 13059),
('rate-27', '2025-10-21', 28791),
('rate-27', '2025-10-22', 28853),
('rate-27', '2025-10-23', 17408),
('rate-27', '2025-10-24', 15728),
('rate-27', '2025-10-25', 19882),
('rate-27', '2025-10-26', 20237),
('rate-27', '2025-10-27', 21935),
('rate-27', '2025-10-28', 17630),
('rate-27', '2025-10-29', 15153),
('rate-27', '2025-10-30', 17873),
('rate-27', '2025-10-31', 16775),
('rate-27', '2025-11-01', 20278),
('rate-27', '2025-11-02', 15641),
('rate-27', '2025-11-03', 12166),
('rate-27', '2025-11-04', 13530),
('rate-27', '2025-11-05', 25858),
('rate-27', '2025-11-06', 14792),
('rate-27', '2025-11-07', 12328),
('rate-27', '2025-11-08', 26415),
('rate-27', '2025-11-09', 22654),
('rate-27', '2025-11-10', 12364),
('rate-27', '2025-11-11', 10076),
('rate-27', '2025-11-12', 16033),
('rate-27', '2025-11-13', 29281),
('rate-27', '2025-11-14', 16751),
('rate-27', '2025-11-15', 14297),
('rate-27', '2025-11-16', 22394),
('rate-27', '2025-11-17', 10309),
('rate-27', '2025-11-18', 13763),
('rate-27', '2025-11-19', 26386),
('rate-27', '2025-11-20', 25267),
('rate-27', '2025-11-21', 28363),
('rate-27', '2025-11-22', 17951),
('rate-27', '2025-11-23', 27726),
('rate-27', '2025-11-24', 16237),
('rate-27', '2025-11-25', 16712),
('rate-27', '2025-11-26', 10210),
('rate-27', '2025-11-27', 15497),
('rate-27', '2025-11-28', 23423),
('rate-27', '2025-11-29', 18307),
('rate-28', '2025-10-01', 28145),
('rate-28', '2025-10-02', 13238),
('rate-28', '2025-10-03', 21904),
('rate-28', '2025-10-04', 17281),
('rate-28', '2025-10-05', 19430),
('rate-28', '2025-10-06', 24005),
('rate-28', '2025-10-07', 25373),
('rate-28', '2025-10-08', 18190),
('rate-28', '2025-10-09', 20513),
('rate-28', '2025-10-10', 12922),
('rate-28', '2025-10-11', 14284),
('rate-28', '2025-10-12', 28788),
('rate-28', '2025-10-13', 11867),
('rate-28', '2025-10-14', 21155),
('rate-28', '2025-10-15', 15159),
('rate-28', '2025-10-16', 18579),
('rate-28', '2025-10-17', 18563),
('rate-28', '2025-10-18', 26535),
('rate-28', '2025-10-19', 25955),
('rate-28', '2025-10-20', 21286),
('rate-28', '2025-10-21', 26305),
('rate-28', '2025-10-22', 27271),
('rate-28', '2025-10-23', 27411),
('rate-28', '2025-10-24', 27700),
('rate-28', '2025-10-25', 21883),
('rate-28', '2025-10-26', 22054),
('rate-28', '2025-10-27', 22753),
('rate-28', '2025-10-28', 22598),
('rate-28', '2025-10-29', 10616),
('rate-28', '2025-10-30', 19779),
('rate-28', '2025-10-31', 17508),
('rate-28', '2025-11-01', 11080),
('rate-28', '2025-11-02', 21499),
('rate-28', '2025-11-03', 29564),
('rate-28', '2025-11-04', 13781),
('rate-28', '2025-11-05', 24132),
('rate-28', '2025-11-06', 10714),
('rate-28', '2025-11-07', 12318),
('rate-28', '2025-11-08', 20138),
('rate-28', '2025-11-09', 15339),
('rate-28', '2025-11-10', 22191),
('rate-28', '2025-11-11', 17607),
('rate-28', '2025-11-12', 23562),
('rate-28', '2025-11-13', 11107),
('rate-28', '2025-11-14', 11826),
('rate-28', '2025-11-15', 10181),
('rate-28', '2025-11-16', 21517),
('rate-28', '2025-11-17', 11157),
('rate-28', '2025-11-18', 23921),
('rate-28', '2025-11-19', 14221),
('rate-28', '2025-11-20', 20711),
('rate-28', '2025-11-21', 13785),
('rate-28', '2025-11-22', 26580),
('rate-28', '2025-11-23', 11579),
('rate-28', '2025-11-24', 27036),
('rate-28', '2025-11-25', 17938),
('rate-28', '2025-11-26', 14215),
('rate-28', '2025-11-27', 20228),
('rate-28', '2025-11-28', 24924),
('rate-28', '2025-11-29', 21221),
('rate-29', '2025-10-01', 28515),
('rate-29', '2025-10-02', 17169),
('rate-29', '2025-10-03', 13775),
('rate-29', '2025-10-04', 19697),
('rate-29', '2025-10-05', 27101),
('rate-29', '2025-10-06', 17267),
('rate-29', '2025-10-07', 21737),
('rate-29', '2025-10-08', 28105),
('rate-29', '2025-10-09', 27187),
('rate-29', '2025-10-10', 22136),
('rate-29', '2025-10-11', 16035),
('rate-29', '2025-10-12', 22443),
('rate-29', '2025-10-13', 29009),
('rate-29', '2025-10-14', 15748),
('rate-29', '2025-10-15', 10675),
('rate-29', '2025-10-16', 19697),
('rate-29', '2025-10-17', 15529),
('rate-29', '2025-10-18', 29043),
('rate-29', '2025-10-19', 14764),
('rate-29', '2025-10-20', 17684),
('rate-29', '2025-10-21', 11085),
('rate-29', '2025-10-22', 28309),
('rate-29', '2025-10-23', 16996),
('rate-29', '2025-10-24', 18213),
('rate-29', '2025-10-25', 25648),
('rate-29', '2025-10-26', 26244),
('rate-29', '2025-10-27', 19858),
('rate-29', '2025-10-28', 16109),
('rate-29', '2025-10-29', 16336),
('rate-29', '2025-10-30', 24491),
('rate-29', '2025-10-31', 13822),
('rate-29', '2025-11-01', 19555),
('rate-29', '2025-11-02', 17641),
('rate-29', '2025-11-03', 22347),
('rate-29', '2025-11-04', 28608),
('rate-29', '2025-11-05', 13380),
('rate-29', '2025-11-06', 22723),
('rate-29', '2025-11-07', 12187),
('rate-29', '2025-11-08', 21065),
('rate-29', '2025-11-09', 17632),
('rate-29', '2025-11-10', 15545),
('rate-29', '2025-11-11', 26294),
('rate-29', '2025-11-12', 16357),
('rate-29', '2025-11-13', 15191),
('rate-29', '2025-11-14', 22601),
('rate-29', '2025-11-15', 19469),
('rate-29', '2025-11-16', 23524),
('rate-29', '2025-11-17', 20816),
('rate-29', '2025-11-18', 19018),
('rate-29', '2025-11-19', 25382),
('rate-29', '2025-11-20', 12044),
('rate-29', '2025-11-21', 20925),
('rate-29', '2025-11-22', 19909),
('rate-29', '2025-11-23', 13035),
('rate-29', '2025-11-24', 26893),
('rate-29', '2025-11-25', 14144),
('rate-29', '2025-11-26', 11062),
('rate-29', '2025-11-27', 25436),
('rate-29', '2025-11-28', 15947),
('rate-29', '2025-11-29', 21534),
('rate-30', '2025-10-01', 17058),
('rate-30', '2025-10-02', 24082),
('rate-30', '2025-10-03', 24304),
('rate-30', '2025-10-04', 29568),
('rate-30', '2025-10-05', 18341),
('rate-30', '2025-10-06', 16131),
('rate-30', '2025-10-07', 14836),
('rate-30', '2025-10-08', 14094),
('rate-30', '2025-10-09', 22071),
('rate-30', '2025-10-10', 19552),
('rate-30', '2025-10-11', 29152),
('rate-30', '2025-10-12', 14378),
('rate-30', '2025-10-13', 18397),
('rate-30', '2025-10-14', 22790),
('rate-30', '2025-10-15', 18080),
('rate-30', '2025-10-16', 14949),
('rate-30', '2025-10-17', 23705),
('rate-30', '2025-10-18', 18461),
('rate-30', '2025-10-19', 26580),
('rate-30', '2025-10-20', 18657),
('rate-30', '2025-10-21', 15636),
('rate-30', '2025-10-22', 24274),
('rate-30', '2025-10-23', 14511),
('rate-30', '2025-10-24', 15622),
('rate-30', '2025-10-25', 16619),
('rate-30', '2025-10-26', 21858),
('rate-30', '2025-10-27', 13601),
('rate-30', '2025-10-28', 29896),
('rate-30', '2025-10-29', 20828),
('rate-30', '2025-10-30', 25921),
('rate-30', '2025-10-31', 11777),
('rate-30', '2025-11-01', 26578),
('rate-30', '2025-11-02', 17425),
('rate-30', '2025-11-03', 18748),
('rate-30', '2025-11-04', 18350),
('rate-30', '2025-11-05', 17376),
('rate-30', '2025-11-06', 10863),
('rate-30', '2025-11-07', 16420),
('rate-30', '2025-11-08', 16561),
('rate-30', '2025-11-09', 19649),
('rate-30', '2025-11-10', 13892),
('rate-30', '2025-11-11', 21387),
('rate-30', '2025-11-12', 27582),
('rate-30', '2025-11-13', 14566),
('rate-30', '2025-11-14', 29855),
('rate-30', '2025-11-15', 17497),
('rate-30', '2025-11-16', 23906),
('rate-30', '2025-11-17', 10135),
('rate-30', '2025-11-18', 19104),
('rate-30', '2025-11-19', 15473),
('rate-30', '2025-11-20', 27646),
('rate-30', '2025-11-21', 20869),
('rate-30', '2025-11-22', 24394),
('rate-30', '2025-11-23', 14175),
('rate-30', '2025-11-24', 11147),
('rate-30', '2025-11-25', 29526),
('rate-30', '2025-11-26', 14328),
('rate-30', '2025-11-27', 15417),
('rate-30', '2025-11-28', 27538),
('rate-30', '2025-11-29', 17057),
('rate-31', '2025-10-01', 15749),
('rate-31', '2025-10-02', 20306),
('rate-31', '2025-10-03', 11978),
('rate-31', '2025-10-04', 27026),
('rate-31', '2025-10-05', 13162),
('rate-31', '2025-10-06', 10005),
('rate-31', '2025-10-07', 14700),
('rate-31', '2025-10-08', 17418),
('rate-31', '2025-10-09', 17248),
('rate-31', '2025-10-10', 15416),
('rate-31', '2025-10-11', 23710),
('rate-31', '2025-10-12', 24930),
('rate-31', '2025-10-13', 29999),
('rate-31', '2025-10-14', 23581),
('rate-31', '2025-10-15', 16680),
('rate-31', '2025-10-16', 24774),
('rate-31', '2025-10-17', 15146),
('rate-31', '2025-10-18', 19396),
('rate-31', '2025-10-19', 11180),
('rate-31', '2025-10-20', 12022),
('rate-31', '2025-10-21', 29214),
('rate-31', '2025-10-22', 10222),
('rate-31', '2025-10-23', 16434),
('rate-31', '2025-10-24', 17503),
('rate-31', '2025-10-25', 27907),
('rate-31', '2025-10-26', 19464),
('rate-31', '2025-10-27', 23615),
('rate-31', '2025-10-28', 29149),
('rate-31', '2025-10-29', 23991),
('rate-31', '2025-10-30', 29967),
('rate-31', '2025-10-31', 10616),
('rate-31', '2025-11-01', 28087),
('rate-31', '2025-11-02', 20946),
('rate-31', '2025-11-03', 22206),
('rate-31', '2025-11-04', 16890),
('rate-31', '2025-11-05', 10750),
('rate-31', '2025-11-06', 13039),
('rate-31', '2025-11-07', 23894),
('rate-31', '2025-11-08', 23215),
('rate-31', '2025-11-09', 17352),
('rate-31', '2025-11-10', 10250),
('rate-31', '2025-11-11', 16816),
('rate-31', '2025-11-12', 18895),
('rate-31', '2025-11-13', 27397),
('rate-31', '2025-11-14', 15857),
('rate-31', '2025-11-15', 15386),
('rate-31', '2025-11-16', 10071),
('rate-31', '2025-11-17', 28477),
('rate-31', '2025-11-18', 21021),
('rate-31', '2025-11-19', 15413),
('rate-31', '2025-11-20', 29882),
('rate-31', '2025-11-21', 11821),
('rate-31', '2025-11-22', 26510),
('rate-31', '2025-11-23', 10081),
('rate-31', '2025-11-24', 14209),
('rate-31', '2025-11-25', 10763),
('rate-31', '2025-11-26', 27386),
('rate-31', '2025-11-27', 20664),
('rate-31', '2025-11-28', 29172),
('rate-31', '2025-11-29', 14759),
('rate-32', '2025-10-01', 14642),
('rate-32', '2025-10-02', 19854),
('rate-32', '2025-10-03', 12051),
('rate-32', '2025-10-04', 16976),
('rate-32', '2025-10-05', 29201),
('rate-32', '2025-10-06', 26366),
('rate-32', '2025-10-07', 24258),
('rate-32', '2025-10-08', 28690),
('rate-32', '2025-10-09', 13947),
('rate-32', '2025-10-10', 26427),
('rate-32', '2025-10-11', 24048),
('rate-32', '2025-10-12', 20684),
('rate-32', '2025-10-13', 25481),
('rate-32', '2025-10-14', 27863),
('rate-32', '2025-10-15', 20505),
('rate-32', '2025-10-16', 12552),
('rate-32', '2025-10-17', 19417),
('rate-32', '2025-10-18', 26295),
('rate-32', '2025-10-19', 29851),
('rate-32', '2025-10-20', 15585),
('rate-32', '2025-10-21', 25616),
('rate-32', '2025-10-22', 24850),
('rate-32', '2025-10-23', 20309),
('rate-32', '2025-10-24', 23236),
('rate-32', '2025-10-25', 17420),
('rate-32', '2025-10-26', 26263),
('rate-32', '2025-10-27', 21114),
('rate-32', '2025-10-28', 18466),
('rate-32', '2025-10-29', 29842),
('rate-32', '2025-10-30', 10544),
('rate-32', '2025-10-31', 11810),
('rate-32', '2025-11-01', 22968),
('rate-32', '2025-11-02', 24519),
('rate-32', '2025-11-03', 14318),
('rate-32', '2025-11-04', 11641),
('rate-32', '2025-11-05', 15709),
('rate-32', '2025-11-06', 29982),
('rate-32', '2025-11-07', 16713),
('rate-32', '2025-11-08', 24416),
('rate-32', '2025-11-09', 19117),
('rate-32', '2025-11-10', 24452),
('rate-32', '2025-11-11', 23034),
('rate-32', '2025-11-12', 11391),
('rate-32', '2025-11-13', 14712),
('rate-32', '2025-11-14', 17465),
('rate-32', '2025-11-15', 21648),
('rate-32', '2025-11-16', 15714),
('rate-32', '2025-11-17', 12668),
('rate-32', '2025-11-18', 22684),
('rate-32', '2025-11-19', 26222),
('rate-32', '2025-11-20', 13783),
('rate-32', '2025-11-21', 19369),
('rate-32', '2025-11-22', 29061),
('rate-32', '2025-11-23', 25568),
('rate-32', '2025-11-24', 20018),
('rate-32', '2025-11-25', 27583),
('rate-32', '2025-11-26', 21787),
('rate-32', '2025-11-27', 24309),
('rate-32', '2025-11-28', 18257),
('rate-32', '2025-11-29', 12460),
('rate-33', '2025-10-01', 20543),
('rate-33', '2025-10-02', 12018),
('rate-33', '2025-10-03', 19572),
('rate-33', '2025-10-04', 27299),
('rate-33', '2025-10-05', 12653),
('rate-33', '2025-10-06', 11370),
('rate-33', '2025-10-07', 13908),
('rate-33', '2025-10-08', 18417),
('rate-33', '2025-10-09', 10539),
('rate-33', '2025-10-10', 26328),
('rate-33', '2025-10-11', 28229),
('rate-33', '2025-10-12', 25545),
('rate-33', '2025-10-13', 28894),
('rate-33', '2025-10-14', 16172),
('rate-33', '2025-10-15', 16594),
('rate-33', '2025-10-16', 12718),
('rate-33', '2025-10-17', 21889),
('rate-33', '2025-10-18', 21923),
('rate-33', '2025-10-19', 18735),
('rate-33', '2025-10-20', 25039),
('rate-33', '2025-10-21', 21129),
('rate-33', '2025-10-22', 22017),
('rate-33', '2025-10-23', 22161),
('rate-33', '2025-10-24', 24132),
('rate-33', '2025-10-25', 22222),
('rate-33', '2025-10-26', 20323),
('rate-33', '2025-10-27', 29799),
('rate-33', '2025-10-28', 12186),
('rate-33', '2025-10-29', 23011),
('rate-33', '2025-10-30', 10240),
('rate-33', '2025-10-31', 13351),
('rate-33', '2025-11-01', 21176),
('rate-33', '2025-11-02', 24898),
('rate-33', '2025-11-03', 24686),
('rate-33', '2025-11-04', 27486),
('rate-33', '2025-11-05', 12600),
('rate-33', '2025-11-06', 12987),
('rate-33', '2025-11-07', 13981),
('rate-33', '2025-11-08', 24296),
('rate-33', '2025-11-09', 15540),
('rate-33', '2025-11-10', 20376),
('rate-33', '2025-11-11', 21900),
('rate-33', '2025-11-12', 25489),
('rate-33', '2025-11-13', 24742),
('rate-33', '2025-11-14', 16868),
('rate-33', '2025-11-15', 25951),
('rate-33', '2025-11-16', 28081),
('rate-33', '2025-11-17', 17623),
('rate-33', '2025-11-18', 20793),
('rate-33', '2025-11-19', 18677),
('rate-33', '2025-11-20', 27994),
('rate-33', '2025-11-21', 16847),
('rate-33', '2025-11-22', 11326),
('rate-33', '2025-11-23', 14418),
('rate-33', '2025-11-24', 23067),
('rate-33', '2025-11-25', 21724),
('rate-33', '2025-11-26', 29832),
('rate-33', '2025-11-27', 25461),
('rate-33', '2025-11-28', 15660),
('rate-33', '2025-11-29', 27317),
('rate-34', '2025-10-01', 20244),
('rate-34', '2025-10-02', 25183),
('rate-34', '2025-10-03', 21524),
('rate-34', '2025-10-04', 12604),
('rate-34', '2025-10-05', 26934),
('rate-34', '2025-10-06', 13764),
('rate-34', '2025-10-07', 15465),
('rate-34', '2025-10-08', 27110),
('rate-34', '2025-10-09', 29103),
('rate-34', '2025-10-10', 11122),
('rate-34', '2025-10-11', 20696),
('rate-34', '2025-10-12', 11506),
('rate-34', '2025-10-13', 10813),
('rate-34', '2025-10-14', 19203),
('rate-34', '2025-10-15', 11782),
('rate-34', '2025-10-16', 23715),
('rate-34', '2025-10-17', 19332),
('rate-34', '2025-10-18', 12000),
('rate-34', '2025-10-19', 24725),
('rate-34', '2025-10-20', 14099),
('rate-34', '2025-10-21', 21911),
('rate-34', '2025-10-22', 11936),
('rate-34', '2025-10-23', 22802),
('rate-34', '2025-10-24', 28379),
('rate-34', '2025-10-25', 21089),
('rate-34', '2025-10-26', 26742),
('rate-34', '2025-10-27', 16313),
('rate-34', '2025-10-28', 21539),
('rate-34', '2025-10-29', 24654),
('rate-34', '2025-10-30', 15435),
('rate-34', '2025-10-31', 12328),
('rate-34', '2025-11-01', 14018),
('rate-34', '2025-11-02', 25456),
('rate-34', '2025-11-03', 11873),
('rate-34', '2025-11-04', 11119),
('rate-34', '2025-11-05', 11200),
('rate-34', '2025-11-06', 17856),
('rate-34', '2025-11-07', 11962),
('rate-34', '2025-11-08', 15566),
('rate-34', '2025-11-09', 10638),
('rate-34', '2025-11-10', 11883),
('rate-34', '2025-11-11', 22804),
('rate-34', '2025-11-12', 20925),
('rate-34', '2025-11-13', 21676),
('rate-34', '2025-11-14', 20662),
('rate-34', '2025-11-15', 25884),
('rate-34', '2025-11-16', 29430),
('rate-34', '2025-11-17', 19711),
('rate-34', '2025-11-18', 14152),
('rate-34', '2025-11-19', 22497),
('rate-34', '2025-11-20', 28114),
('rate-34', '2025-11-21', 26102),
('rate-34', '2025-11-22', 20577),
('rate-34', '2025-11-23', 15523),
('rate-34', '2025-11-24', 27500),
('rate-34', '2025-11-25', 25166),
('rate-34', '2025-11-26', 11820),
('rate-34', '2025-11-27', 16525),
('rate-34', '2025-11-28', 23205),
('rate-34', '2025-11-29', 26932),
('rate-35', '2025-10-01', 14746),
('rate-35', '2025-10-02', 10013),
('rate-35', '2025-10-03', 11163),
('rate-35', '2025-10-04', 19106),
('rate-35', '2025-10-05', 10852),
('rate-35', '2025-10-06', 25979),
('rate-35', '2025-10-07', 24617),
('rate-35', '2025-10-08', 20517),
('rate-35', '2025-10-09', 20279),
('rate-35', '2025-10-10', 19786),
('rate-35', '2025-10-11', 29510),
('rate-35', '2025-10-12', 29358),
('rate-35', '2025-10-13', 28691),
('rate-35', '2025-10-14', 24064),
('rate-35', '2025-10-15', 18464),
('rate-35', '2025-10-16', 27448),
('rate-35', '2025-10-17', 14927),
('rate-35', '2025-10-18', 19019),
('rate-35', '2025-10-19', 22193),
('rate-35', '2025-10-20', 29517),
('rate-35', '2025-10-21', 25938),
('rate-35', '2025-10-22', 14765),
('rate-35', '2025-10-23', 28765),
('rate-35', '2025-10-24', 29167),
('rate-35', '2025-10-25', 14835),
('rate-35', '2025-10-26', 22781),
('rate-35', '2025-10-27', 21519),
('rate-35', '2025-10-28', 25208),
('rate-35', '2025-10-29', 11418),
('rate-35', '2025-10-30', 19190),
('rate-35', '2025-10-31', 21679),
('rate-35', '2025-11-01', 13770),
('rate-35', '2025-11-02', 16501),
('rate-35', '2025-11-03', 13576),
('rate-35', '2025-11-04', 23424),
('rate-35', '2025-11-05', 21243),
('rate-35', '2025-11-06', 14644),
('rate-35', '2025-11-07', 18090),
('rate-35', '2025-11-08', 22375),
('rate-35', '2025-11-09', 27375),
('rate-35', '2025-11-10', 27950),
('rate-35', '2025-11-11', 16563),
('rate-35', '2025-11-12', 13173),
('rate-35', '2025-11-13', 13078),
('rate-35', '2025-11-14', 28918),
('rate-35', '2025-11-15', 12177),
('rate-35', '2025-11-16', 19466),
('rate-35', '2025-11-17', 25410),
('rate-35', '2025-11-18', 20213),
('rate-35', '2025-11-19', 15604),
('rate-35', '2025-11-20', 28020),
('rate-35', '2025-11-21', 14724),
('rate-35', '2025-11-22', 27642),
('rate-35', '2025-11-23', 12049),
('rate-35', '2025-11-24', 12002),
('rate-35', '2025-11-25', 20069),
('rate-35', '2025-11-26', 28754),
('rate-35', '2025-11-27', 11321),
('rate-35', '2025-11-28', 21903),
('rate-35', '2025-11-29', 29260),
('rate-36', '2025-10-01', 20563),
('rate-36', '2025-10-02', 21198),
('rate-36', '2025-10-03', 22579),
('rate-36', '2025-10-04', 27042),
('rate-36', '2025-10-05', 22413),
('rate-36', '2025-10-06', 27055),
('rate-36', '2025-10-07', 13332),
('rate-36', '2025-10-08', 10618),
('rate-36', '2025-10-09', 24891),
('rate-36', '2025-10-10', 14357),
('rate-36', '2025-10-11', 11468),
('rate-36', '2025-10-12', 14994),
('rate-36', '2025-10-13', 24272),
('rate-36', '2025-10-14', 27421),
('rate-36', '2025-10-15', 17590),
('rate-36', '2025-10-16', 20877),
('rate-36', '2025-10-17', 23663),
('rate-36', '2025-10-18', 15693),
('rate-36', '2025-10-19', 11836),
('rate-36', '2025-10-20', 25436),
('rate-36', '2025-10-21', 28141),
('rate-36', '2025-10-22', 13314),
('rate-36', '2025-10-23', 27120),
('rate-36', '2025-10-24', 29258),
('rate-36', '2025-10-25', 10847),
('rate-36', '2025-10-26', 12824),
('rate-36', '2025-10-27', 23197),
('rate-36', '2025-10-28', 11491),
('rate-36', '2025-10-29', 13805),
('rate-36', '2025-10-30', 28893),
('rate-36', '2025-10-31', 17837),
('rate-36', '2025-11-01', 10192),
('rate-36', '2025-11-02', 26091),
('rate-36', '2025-11-03', 23631),
('rate-36', '2025-11-04', 22701),
('rate-36', '2025-11-05', 13658),
('rate-36', '2025-11-06', 25920),
('rate-36', '2025-11-07', 16292),
('rate-36', '2025-11-08', 26390),
('rate-36', '2025-11-09', 28918),
('rate-36', '2025-11-10', 16939),
('rate-36', '2025-11-11', 20079),
('rate-36', '2025-11-12', 26168),
('rate-36', '2025-11-13', 29643),
('rate-36', '2025-11-14', 15040),
('rate-36', '2025-11-15', 15042),
('rate-36', '2025-11-16', 25475),
('rate-36', '2025-11-17', 25057),
('rate-36', '2025-11-18', 28356),
('rate-36', '2025-11-19', 13766),
('rate-36', '2025-11-20', 14224),
('rate-36', '2025-11-21', 18651),
('rate-36', '2025-11-22', 13240),
('rate-36', '2025-11-23', 24109),
('rate-36', '2025-11-24', 28163),
('rate-36', '2025-11-25', 26174),
('rate-36', '2025-11-26', 23116),
('rate-36', '2025-11-27', 20647),
('rate-36', '2025-11-28', 23425),
('rate-36', '2025-11-29', 28094),
('rate-37', '2025-10-01', 29384),
('rate-37', '2025-10-02', 22751),
('rate-37', '2025-10-03', 11442),
('rate-37', '2025-10-04', 18088),
('rate-37', '2025-10-05', 10723),
('rate-37', '2025-10-06', 29072),
('rate-37', '2025-10-07', 25151),
('rate-37', '2025-10-08', 19346),
('rate-37', '2025-10-09', 28368),
('rate-37', '2025-10-10', 23345),
('rate-37', '2025-10-11', 27467),
('rate-37', '2025-10-12', 28313),
('rate-37', '2025-10-13', 22646),
('rate-37', '2025-10-14', 11584),
('rate-37', '2025-10-15', 23068),
('rate-37', '2025-10-16', 10351),
('rate-37', '2025-10-17', 19251),
('rate-37', '2025-10-18', 25972),
('rate-37', '2025-10-19', 27886),
('rate-37', '2025-10-20', 11653),
('rate-37', '2025-10-21', 23713),
('rate-37', '2025-10-22', 13559),
('rate-37', '2025-10-23', 12770),
('rate-37', '2025-10-24', 26727),
('rate-37', '2025-10-25', 17586),
('rate-37', '2025-10-26', 14118),
('rate-37', '2025-10-27', 29526),
('rate-37', '2025-10-28', 28102),
('rate-37', '2025-10-29', 18206),
('rate-37', '2025-10-30', 20592),
('rate-37', '2025-10-31', 14541),
('rate-37', '2025-11-01', 10315),
('rate-37', '2025-11-02', 22718),
('rate-37', '2025-11-03', 23655),
('rate-37', '2025-11-04', 28961),
('rate-37', '2025-11-05', 19316),
('rate-37', '2025-11-06', 12563),
('rate-37', '2025-11-07', 14413),
('rate-37', '2025-11-08', 17926),
('rate-37', '2025-11-09', 17815),
('rate-37', '2025-11-10', 26411),
('rate-37', '2025-11-11', 24017),
('rate-37', '2025-11-12', 20085),
('rate-37', '2025-11-13', 14666),
('rate-37', '2025-11-14', 29799),
('rate-37', '2025-11-15', 16906),
('rate-37', '2025-11-16', 12863),
('rate-37', '2025-11-17', 29632),
('rate-37', '2025-11-18', 26802),
('rate-37', '2025-11-19', 10577),
('rate-37', '2025-11-20', 24586),
('rate-37', '2025-11-21', 22400),
('rate-37', '2025-11-22', 10599),
('rate-37', '2025-11-23', 15325),
('rate-37', '2025-11-24', 17234),
('rate-37', '2025-11-25', 29211),
('rate-37', '2025-11-26', 21951),
('rate-37', '2025-11-27', 21330),
('rate-37', '2025-11-28', 25553),
('rate-37', '2025-11-29', 23812),
('rate-38', '2025-10-01', 17165),
('rate-38', '2025-10-02', 15658),
('rate-38', '2025-10-03', 19082),
('rate-38', '2025-10-04', 21200),
('rate-38', '2025-10-05', 20792),
('rate-38', '2025-10-06', 20839),
('rate-38', '2025-10-07', 17342),
('rate-38', '2025-10-08', 16294),
('rate-38', '2025-10-09', 24519),
('rate-38', '2025-10-10', 20157),
('rate-38', '2025-10-11', 12594),
('rate-38', '2025-10-12', 18167),
('rate-38', '2025-10-13', 29485),
('rate-38', '2025-10-14', 10804),
('rate-38', '2025-10-15', 11548),
('rate-38', '2025-10-16', 25862),
('rate-38', '2025-10-17', 16758),
('rate-38', '2025-10-18', 11812),
('rate-38', '2025-10-19', 14744),
('rate-38', '2025-10-20', 23733),
('rate-38', '2025-10-21', 28456),
('rate-38', '2025-10-22', 23874),
('rate-38', '2025-10-23', 17065),
('rate-38', '2025-10-24', 23227),
('rate-38', '2025-10-25', 23944),
('rate-38', '2025-10-26', 30000),
('rate-38', '2025-10-27', 26828),
('rate-38', '2025-10-28', 12736),
('rate-38', '2025-10-29', 17333),
('rate-38', '2025-10-30', 20318),
('rate-38', '2025-10-31', 24334),
('rate-38', '2025-11-01', 11934),
('rate-38', '2025-11-02', 13404),
('rate-38', '2025-11-03', 12103),
('rate-38', '2025-11-04', 16903),
('rate-38', '2025-11-05', 10624),
('rate-38', '2025-11-06', 11444),
('rate-38', '2025-11-07', 13022),
('rate-38', '2025-11-08', 17331),
('rate-38', '2025-11-09', 22298),
('rate-38', '2025-11-10', 15657),
('rate-38', '2025-11-11', 16125),
('rate-38', '2025-11-12', 28518),
('rate-38', '2025-11-13', 23132),
('rate-38', '2025-11-14', 15362),
('rate-38', '2025-11-15', 11093),
('rate-38', '2025-11-16', 23171),
('rate-38', '2025-11-17', 12514),
('rate-38', '2025-11-18', 25589),
('rate-38', '2025-11-19', 18443),
('rate-38', '2025-11-20', 29456),
('rate-38', '2025-11-21', 22944),
('rate-38', '2025-11-22', 25872),
('rate-38', '2025-11-23', 15454),
('rate-38', '2025-11-24', 23716),
('rate-38', '2025-11-25', 14572),
('rate-38', '2025-11-26', 24541),
('rate-38', '2025-11-27', 28800),
('rate-38', '2025-11-28', 24216),
('rate-38', '2025-11-29', 29629),
('rate-39', '2025-10-01', 10493),
('rate-39', '2025-10-02', 13192),
('rate-39', '2025-10-03', 15206),
('rate-39', '2025-10-04', 15006),
('rate-39', '2025-10-05', 23360),
('rate-39', '2025-10-06', 29280),
('rate-39', '2025-10-07', 12801),
('rate-39', '2025-10-08', 27614),
('rate-39', '2025-10-09', 10870),
('rate-39', '2025-10-10', 16294),
('rate-39', '2025-10-11', 27009),
('rate-39', '2025-10-12', 14291),
('rate-39', '2025-10-13', 22656),
('rate-39', '2025-10-14', 26634),
('rate-39', '2025-10-15', 12143),
('rate-39', '2025-10-16', 16459),
('rate-39', '2025-10-17', 19163),
('rate-39', '2025-10-18', 21029),
('rate-39', '2025-10-19', 18026),
('rate-39', '2025-10-20', 22280),
('rate-39', '2025-10-21', 21006),
('rate-39', '2025-10-22', 18483),
('rate-39', '2025-10-23', 29520),
('rate-39', '2025-10-24', 28847),
('rate-39', '2025-10-25', 21930),
('rate-39', '2025-10-26', 14839),
('rate-39', '2025-10-27', 16676),
('rate-39', '2025-10-28', 25961),
('rate-39', '2025-10-29', 18412),
('rate-39', '2025-10-30', 18029),
('rate-39', '2025-10-31', 22834),
('rate-39', '2025-11-01', 14595),
('rate-39', '2025-11-02', 21645),
('rate-39', '2025-11-03', 24203),
('rate-39', '2025-11-04', 15905),
('rate-39', '2025-11-05', 25161),
('rate-39', '2025-11-06', 22917),
('rate-39', '2025-11-07', 18101),
('rate-39', '2025-11-08', 13458),
('rate-39', '2025-11-09', 22016),
('rate-39', '2025-11-10', 28260),
('rate-39', '2025-11-11', 27287),
('rate-39', '2025-11-12', 25089),
('rate-39', '2025-11-13', 18290),
('rate-39', '2025-11-14', 20007),
('rate-39', '2025-11-15', 17353),
('rate-39', '2025-11-16', 16854),
('rate-39', '2025-11-17', 19112),
('rate-39', '2025-11-18', 20196),
('rate-39', '2025-11-19', 13182),
('rate-39', '2025-11-20', 16770),
('rate-39', '2025-11-21', 10502),
('rate-39', '2025-11-22', 14727),
('rate-39', '2025-11-23', 16486),
('rate-39', '2025-11-24', 14939),
('rate-39', '2025-11-25', 14251),
('rate-39', '2025-11-26', 19879),
('rate-39', '2025-11-27', 19073),
('rate-39', '2025-11-28', 12660),
('rate-39', '2025-11-29', 27816),
('rate-40', '2025-10-01', 22498),
('rate-40', '2025-10-02', 29299),
('rate-40', '2025-10-03', 16237),
('rate-40', '2025-10-04', 15884),
('rate-40', '2025-10-05', 28363),
('rate-40', '2025-10-06', 20787),
('rate-40', '2025-10-07', 23410),
('rate-40', '2025-10-08', 10111),
('rate-40', '2025-10-09', 16136),
('rate-40', '2025-10-10', 10702),
('rate-40', '2025-10-11', 16806),
('rate-40', '2025-10-12', 20265),
('rate-40', '2025-10-13', 14095),
('rate-40', '2025-10-14', 27976),
('rate-40', '2025-10-15', 13082),
('rate-40', '2025-10-16', 14455),
('rate-40', '2025-10-17', 11465),
('rate-40', '2025-10-18', 19416),
('rate-40', '2025-10-19', 12039),
('rate-40', '2025-10-20', 11987),
('rate-40', '2025-10-21', 15398),
('rate-40', '2025-10-22', 28064),
('rate-40', '2025-10-23', 11287),
('rate-40', '2025-10-24', 28271),
('rate-40', '2025-10-25', 29918),
('rate-40', '2025-10-26', 15325),
('rate-40', '2025-10-27', 12159),
('rate-40', '2025-10-28', 15316),
('rate-40', '2025-10-29', 29361),
('rate-40', '2025-10-30', 11510),
('rate-40', '2025-10-31', 16371),
('rate-40', '2025-11-01', 20407),
('rate-40', '2025-11-02', 24396),
('rate-40', '2025-11-03', 27214),
('rate-40', '2025-11-04', 20197),
('rate-40', '2025-11-05', 23705),
('rate-40', '2025-11-06', 22540),
('rate-40', '2025-11-07', 23605),
('rate-40', '2025-11-08', 20958),
('rate-40', '2025-11-09', 16370),
('rate-40', '2025-11-10', 13597),
('rate-40', '2025-11-11', 19738),
('rate-40', '2025-11-12', 13923),
('rate-40', '2025-11-13', 15232),
('rate-40', '2025-11-14', 22991),
('rate-40', '2025-11-15', 24677),
('rate-40', '2025-11-16', 18809),
('rate-40', '2025-11-17', 10756),
('rate-40', '2025-11-18', 14645),
('rate-40', '2025-11-19', 10358),
('rate-40', '2025-11-20', 11945),
('rate-40', '2025-11-21', 21526),
('rate-40', '2025-11-22', 14163),
('rate-40', '2025-11-23', 29103),
('rate-40', '2025-11-24', 25454),
('rate-40', '2025-11-25', 22384),
('rate-40', '2025-11-26', 16135),
('rate-40', '2025-11-27', 26385),
('rate-40', '2025-11-28', 23880),
('rate-40', '2025-11-29', 28868),
('rate-41', '2025-10-01', 20635),
('rate-41', '2025-10-02', 21112),
('rate-41', '2025-10-03', 25720),
('rate-41', '2025-10-04', 21994),
('rate-41', '2025-10-05', 28600),
('rate-41', '2025-10-06', 11461),
('rate-41', '2025-10-07', 21117),
('rate-41', '2025-10-08', 10727),
('rate-41', '2025-10-09', 12904),
('rate-41', '2025-10-10', 18398),
('rate-41', '2025-10-11', 27581),
('rate-41', '2025-10-12', 28883),
('rate-41', '2025-10-13', 25361),
('rate-41', '2025-10-14', 28118),
('rate-41', '2025-10-15', 22350),
('rate-41', '2025-10-16', 21489),
('rate-41', '2025-10-17', 26047),
('rate-41', '2025-10-18', 24085),
('rate-41', '2025-10-19', 14378),
('rate-41', '2025-10-20', 18560),
('rate-41', '2025-10-21', 16274),
('rate-41', '2025-10-22', 12704),
('rate-41', '2025-10-23', 29747),
('rate-41', '2025-10-24', 27102),
('rate-41', '2025-10-25', 12059),
('rate-41', '2025-10-26', 24473),
('rate-41', '2025-10-27', 17484),
('rate-41', '2025-10-28', 26500),
('rate-41', '2025-10-29', 11764),
('rate-41', '2025-10-30', 21222),
('rate-41', '2025-10-31', 24551),
('rate-41', '2025-11-01', 10076),
('rate-41', '2025-11-02', 14903),
('rate-41', '2025-11-03', 25518),
('rate-41', '2025-11-04', 19245),
('rate-41', '2025-11-05', 12773),
('rate-41', '2025-11-06', 26867),
('rate-41', '2025-11-07', 27741),
('rate-41', '2025-11-08', 10505),
('rate-41', '2025-11-09', 16388),
('rate-41', '2025-11-10', 29836),
('rate-41', '2025-11-11', 14047),
('rate-41', '2025-11-12', 16441),
('rate-41', '2025-11-13', 26455),
('rate-41', '2025-11-14', 16264),
('rate-41', '2025-11-15', 29882),
('rate-41', '2025-11-16', 11912),
('rate-41', '2025-11-17', 19207),
('rate-41', '2025-11-18', 13006),
('rate-41', '2025-11-19', 17511),
('rate-41', '2025-11-20', 26984),
('rate-41', '2025-11-21', 14713),
('rate-41', '2025-11-22', 25563),
('rate-41', '2025-11-23', 24428),
('rate-41', '2025-11-24', 19113),
('rate-41', '2025-11-25', 15711),
('rate-41', '2025-11-26', 12511),
('rate-41', '2025-11-27', 20123),
('rate-41', '2025-11-28', 28921),
('rate-41', '2025-11-29', 17627),
('rate-42', '2025-10-01', 25213),
('rate-42', '2025-10-02', 10133),
('rate-42', '2025-10-03', 25516),
('rate-42', '2025-10-04', 18724),
('rate-42', '2025-10-05', 26377),
('rate-42', '2025-10-06', 28901),
('rate-42', '2025-10-07', 29602),
('rate-42', '2025-10-08', 21295),
('rate-42', '2025-10-09', 25087),
('rate-42', '2025-10-10', 16924),
('rate-42', '2025-10-11', 24558),
('rate-42', '2025-10-12', 15456),
('rate-42', '2025-10-13', 16210),
('rate-42', '2025-10-14', 29990),
('rate-42', '2025-10-15', 18197),
('rate-42', '2025-10-16', 27588),
('rate-42', '2025-10-17', 23232),
('rate-42', '2025-10-18', 15069),
('rate-42', '2025-10-19', 29155),
('rate-42', '2025-10-20', 29736),
('rate-42', '2025-10-21', 28711),
('rate-42', '2025-10-22', 13606),
('rate-42', '2025-10-23', 16652),
('rate-42', '2025-10-24', 11576),
('rate-42', '2025-10-25', 29706),
('rate-42', '2025-10-26', 20458),
('rate-42', '2025-10-27', 28069),
('rate-42', '2025-10-28', 20132),
('rate-42', '2025-10-29', 24596),
('rate-42', '2025-10-30', 14616),
('rate-42', '2025-10-31', 11335),
('rate-42', '2025-11-01', 24093),
('rate-42', '2025-11-02', 25267),
('rate-42', '2025-11-03', 14541),
('rate-42', '2025-11-04', 12013),
('rate-42', '2025-11-05', 14465),
('rate-42', '2025-11-06', 17373),
('rate-42', '2025-11-07', 26706),
('rate-42', '2025-11-08', 11653),
('rate-42', '2025-11-09', 10018),
('rate-42', '2025-11-10', 16614),
('rate-42', '2025-11-11', 29892),
('rate-42', '2025-11-12', 19539),
('rate-42', '2025-11-13', 28487),
('rate-42', '2025-11-14', 15831),
('rate-42', '2025-11-15', 26019),
('rate-42', '2025-11-16', 12388),
('rate-42', '2025-11-17', 11436),
('rate-42', '2025-11-18', 15364),
('rate-42', '2025-11-19', 10182),
('rate-42', '2025-11-20', 14451),
('rate-42', '2025-11-21', 10314),
('rate-42', '2025-11-22', 10579),
('rate-42', '2025-11-23', 16178),
('rate-42', '2025-11-24', 16886),
('rate-42', '2025-11-25', 11003),
('rate-42', '2025-11-26', 18149),
('rate-42', '2025-11-27', 19476),
('rate-42', '2025-11-28', 23145),
('rate-42', '2025-11-29', 29042),
('rate-43', '2025-10-01', 17110),
('rate-43', '2025-10-02', 22424),
('rate-43', '2025-10-03', 22265),
('rate-43', '2025-10-04', 11992),
('rate-43', '2025-10-05', 26957),
('rate-43', '2025-10-06', 20864),
('rate-43', '2025-10-07', 12609),
('rate-43', '2025-10-08', 10985),
('rate-43', '2025-10-09', 11558),
('rate-43', '2025-10-10', 25443),
('rate-43', '2025-10-11', 25914),
('rate-43', '2025-10-12', 13221),
('rate-43', '2025-10-13', 25761),
('rate-43', '2025-10-14', 12468),
('rate-43', '2025-10-15', 15734),
('rate-43', '2025-10-16', 14375),
('rate-43', '2025-10-17', 21579),
('rate-43', '2025-10-18', 12301),
('rate-43', '2025-10-19', 14885),
('rate-43', '2025-10-20', 10903),
('rate-43', '2025-10-21', 18638),
('rate-43', '2025-10-22', 12788),
('rate-43', '2025-10-23', 24079),
('rate-43', '2025-10-24', 12779),
('rate-43', '2025-10-25', 12900),
('rate-43', '2025-10-26', 21360),
('rate-43', '2025-10-27', 19215),
('rate-43', '2025-10-28', 14752),
('rate-43', '2025-10-29', 12498),
('rate-43', '2025-10-30', 15680),
('rate-43', '2025-10-31', 22873),
('rate-43', '2025-11-01', 10336),
('rate-43', '2025-11-02', 24792),
('rate-43', '2025-11-03', 11177),
('rate-43', '2025-11-04', 18193),
('rate-43', '2025-11-05', 13440),
('rate-43', '2025-11-06', 15915),
('rate-43', '2025-11-07', 26959),
('rate-43', '2025-11-08', 15661),
('rate-43', '2025-11-09', 22965),
('rate-43', '2025-11-10', 10129),
('rate-43', '2025-11-11', 18061),
('rate-43', '2025-11-12', 21311),
('rate-43', '2025-11-13', 23006),
('rate-43', '2025-11-14', 28206),
('rate-43', '2025-11-15', 26559),
('rate-43', '2025-11-16', 19583),
('rate-43', '2025-11-17', 19490),
('rate-43', '2025-11-18', 24361),
('rate-43', '2025-11-19', 27970),
('rate-43', '2025-11-20', 11926),
('rate-43', '2025-11-21', 24704),
('rate-43', '2025-11-22', 22511),
('rate-43', '2025-11-23', 26682),
('rate-43', '2025-11-24', 14402),
('rate-43', '2025-11-25', 10604),
('rate-43', '2025-11-26', 11628),
('rate-43', '2025-11-27', 21739),
('rate-43', '2025-11-28', 20409),
('rate-43', '2025-11-29', 19309),
('rate-44', '2025-10-01', 25877),
('rate-44', '2025-10-02', 13727),
('rate-44', '2025-10-03', 14176),
('rate-44', '2025-10-04', 16375),
('rate-44', '2025-10-05', 11250),
('rate-44', '2025-10-06', 12354),
('rate-44', '2025-10-07', 26291),
('rate-44', '2025-10-08', 18205),
('rate-44', '2025-10-09', 12577),
('rate-44', '2025-10-10', 16228),
('rate-44', '2025-10-11', 29885),
('rate-44', '2025-10-12', 26495),
('rate-44', '2025-10-13', 21122),
('rate-44', '2025-10-14', 20064),
('rate-44', '2025-10-15', 10096),
('rate-44', '2025-10-16', 25769),
('rate-44', '2025-10-17', 14648),
('rate-44', '2025-10-18', 27028),
('rate-44', '2025-10-19', 26020),
('rate-44', '2025-10-20', 20365),
('rate-44', '2025-10-21', 19107),
('rate-44', '2025-10-22', 27597),
('rate-44', '2025-10-23', 28567),
('rate-44', '2025-10-24', 28814),
('rate-44', '2025-10-25', 15076),
('rate-44', '2025-10-26', 24065),
('rate-44', '2025-10-27', 22019),
('rate-44', '2025-10-28', 20196),
('rate-44', '2025-10-29', 19713),
('rate-44', '2025-10-30', 18674),
('rate-44', '2025-10-31', 24823),
('rate-44', '2025-11-01', 16314),
('rate-44', '2025-11-02', 16476),
('rate-44', '2025-11-03', 10850),
('rate-44', '2025-11-04', 14790),
('rate-44', '2025-11-05', 10859),
('rate-44', '2025-11-06', 19360),
('rate-44', '2025-11-07', 18020),
('rate-44', '2025-11-08', 27415),
('rate-44', '2025-11-09', 12131),
('rate-44', '2025-11-10', 13930),
('rate-44', '2025-11-11', 19071),
('rate-44', '2025-11-12', 10939),
('rate-44', '2025-11-13', 24263),
('rate-44', '2025-11-14', 21163),
('rate-44', '2025-11-15', 25452),
('rate-44', '2025-11-16', 28416),
('rate-44', '2025-11-17', 28001),
('rate-44', '2025-11-18', 29607),
('rate-44', '2025-11-19', 21284),
('rate-44', '2025-11-20', 15044),
('rate-44', '2025-11-21', 12651),
('rate-44', '2025-11-22', 18200),
('rate-44', '2025-11-23', 21693),
('rate-44', '2025-11-24', 22280),
('rate-44', '2025-11-25', 26280),
('rate-44', '2025-11-26', 21224),
('rate-44', '2025-11-27', 13612),
('rate-44', '2025-11-28', 13986),
('rate-44', '2025-11-29', 10353),
('rate-45', '2025-10-01', 14653),
('rate-45', '2025-10-02', 10541),
('rate-45', '2025-10-03', 15738),
('rate-45', '2025-10-04', 26741),
('rate-45', '2025-10-05', 27630),
('rate-45', '2025-10-06', 28692),
('rate-45', '2025-10-07', 14696),
('rate-45', '2025-10-08', 13158),
('rate-45', '2025-10-09', 28677),
('rate-45', '2025-10-10', 21554),
('rate-45', '2025-10-11', 20271),
('rate-45', '2025-10-12', 15176),
('rate-45', '2025-10-13', 25567),
('rate-45', '2025-10-14', 10254),
('rate-45', '2025-10-15', 15885),
('rate-45', '2025-10-16', 18037),
('rate-45', '2025-10-17', 16124),
('rate-45', '2025-10-18', 10983),
('rate-45', '2025-10-19', 26675),
('rate-45', '2025-10-20', 22425),
('rate-45', '2025-10-21', 29137),
('rate-45', '2025-10-22', 16715),
('rate-45', '2025-10-23', 14447),
('rate-45', '2025-10-24', 18372),
('rate-45', '2025-10-25', 17018),
('rate-45', '2025-10-26', 15283),
('rate-45', '2025-10-27', 21510),
('rate-45', '2025-10-28', 11983),
('rate-45', '2025-10-29', 19035),
('rate-45', '2025-10-30', 21735),
('rate-45', '2025-10-31', 11898),
('rate-45', '2025-11-01', 20798),
('rate-45', '2025-11-02', 10039),
('rate-45', '2025-11-03', 27833),
('rate-45', '2025-11-04', 29627),
('rate-45', '2025-11-05', 10635),
('rate-45', '2025-11-06', 16772),
('rate-45', '2025-11-07', 16744),
('rate-45', '2025-11-08', 11920),
('rate-45', '2025-11-09', 15266),
('rate-45', '2025-11-10', 12161),
('rate-45', '2025-11-11', 23035),
('rate-45', '2025-11-12', 17031),
('rate-45', '2025-11-13', 17582),
('rate-45', '2025-11-14', 27704),
('rate-45', '2025-11-15', 10336),
('rate-45', '2025-11-16', 22544),
('rate-45', '2025-11-17', 16297),
('rate-45', '2025-11-18', 12406),
('rate-45', '2025-11-19', 22301),
('rate-45', '2025-11-20', 25027),
('rate-45', '2025-11-21', 26944),
('rate-45', '2025-11-22', 27928),
('rate-45', '2025-11-23', 22859),
('rate-45', '2025-11-24', 23973),
('rate-45', '2025-11-25', 27118),
('rate-45', '2025-11-26', 29076),
('rate-45', '2025-11-27', 19535),
('rate-45', '2025-11-28', 28422),
('rate-45', '2025-11-29', 12463),
('rate-46', '2025-10-01', 28905),
('rate-46', '2025-10-02', 23744),
('rate-46', '2025-10-03', 16988),
('rate-46', '2025-10-04', 17440),
('rate-46', '2025-10-05', 20058),
('rate-46', '2025-10-06', 11303),
('rate-46', '2025-10-07', 29497),
('rate-46', '2025-10-08', 26017),
('rate-46', '2025-10-09', 12582),
('rate-46', '2025-10-10', 14223),
('rate-46', '2025-10-11', 16396),
('rate-46', '2025-10-12', 26365),
('rate-46', '2025-10-13', 11040),
('rate-46', '2025-10-14', 10353),
('rate-46', '2025-10-15', 23866),
('rate-46', '2025-10-16', 10624),
('rate-46', '2025-10-17', 20887),
('rate-46', '2025-10-18', 23606),
('rate-46', '2025-10-19', 20142),
('rate-46', '2025-10-20', 19114),
('rate-46', '2025-10-21', 27562),
('rate-46', '2025-10-22', 19539),
('rate-46', '2025-10-23', 14737),
('rate-46', '2025-10-24', 27302),
('rate-46', '2025-10-25', 20729),
('rate-46', '2025-10-26', 21491),
('rate-46', '2025-10-27', 19952),
('rate-46', '2025-10-28', 10348),
('rate-46', '2025-10-29', 20100),
('rate-46', '2025-10-30', 26401),
('rate-46', '2025-10-31', 19959),
('rate-46', '2025-11-01', 11325),
('rate-46', '2025-11-02', 19915),
('rate-46', '2025-11-03', 22759),
('rate-46', '2025-11-04', 21626),
('rate-46', '2025-11-05', 13838),
('rate-46', '2025-11-06', 28026),
('rate-46', '2025-11-07', 16444),
('rate-46', '2025-11-08', 14866),
('rate-46', '2025-11-09', 23516),
('rate-46', '2025-11-10', 12731),
('rate-46', '2025-11-11', 10545),
('rate-46', '2025-11-12', 18722),
('rate-46', '2025-11-13', 18934),
('rate-46', '2025-11-14', 14443),
('rate-46', '2025-11-15', 27484),
('rate-46', '2025-11-16', 20926),
('rate-46', '2025-11-17', 27629),
('rate-46', '2025-11-18', 28314),
('rate-46', '2025-11-19', 12874),
('rate-46', '2025-11-20', 18667),
('rate-46', '2025-11-21', 17375),
('rate-46', '2025-11-22', 14865),
('rate-46', '2025-11-23', 26269),
('rate-46', '2025-11-24', 12187),
('rate-46', '2025-11-25', 24660),
('rate-46', '2025-11-26', 15699),
('rate-46', '2025-11-27', 24924),
('rate-46', '2025-11-28', 17326),
('rate-46', '2025-11-29', 15045),
('rate-47', '2025-10-01', 19947),
('rate-47', '2025-10-02', 28585),
('rate-47', '2025-10-03', 26224),
('rate-47', '2025-10-04', 20447),
('rate-47', '2025-10-05', 27212),
('rate-47', '2025-10-06', 22520),
('rate-47', '2025-10-07', 21138),
('rate-47', '2025-10-08', 10677),
('rate-47', '2025-10-09', 19177),
('rate-47', '2025-10-10', 24546),
('rate-47', '2025-10-11', 22917),
('rate-47', '2025-10-12', 24274),
('rate-47', '2025-10-13', 29691),
('rate-47', '2025-10-14', 26185),
('rate-47', '2025-10-15', 19142),
('rate-47', '2025-10-16', 24567),
('rate-47', '2025-10-17', 21143),
('rate-47', '2025-10-18', 21295),
('rate-47', '2025-10-19', 19000),
('rate-47', '2025-10-20', 14364),
('rate-47', '2025-10-21', 15294),
('rate-47', '2025-10-22', 22195),
('rate-47', '2025-10-23', 17290),
('rate-47', '2025-10-24', 29099),
('rate-47', '2025-10-25', 29909),
('rate-47', '2025-10-26', 22451),
('rate-47', '2025-10-27', 27342),
('rate-47', '2025-10-28', 11504),
('rate-47', '2025-10-29', 25133),
('rate-47', '2025-10-30', 18756),
('rate-47', '2025-10-31', 24676),
('rate-47', '2025-11-01', 10477),
('rate-47', '2025-11-02', 18880),
('rate-47', '2025-11-03', 19615),
('rate-47', '2025-11-04', 19825),
('rate-47', '2025-11-05', 24144),
('rate-47', '2025-11-06', 24118),
('rate-47', '2025-11-07', 13449),
('rate-47', '2025-11-08', 11129),
('rate-47', '2025-11-09', 21181),
('rate-47', '2025-11-10', 25189),
('rate-47', '2025-11-11', 12216),
('rate-47', '2025-11-12', 21407),
('rate-47', '2025-11-13', 26018),
('rate-47', '2025-11-14', 18797),
('rate-47', '2025-11-15', 20077),
('rate-47', '2025-11-16', 21332),
('rate-47', '2025-11-17', 16188),
('rate-47', '2025-11-18', 28916),
('rate-47', '2025-11-19', 27436),
('rate-47', '2025-11-20', 18551),
('rate-47', '2025-11-21', 26590),
('rate-47', '2025-11-22', 14539),
('rate-47', '2025-11-23', 12060),
('rate-47', '2025-11-24', 17552),
('rate-47', '2025-11-25', 22920),
('rate-47', '2025-11-26', 26687),
('rate-47', '2025-11-27', 23184),
('rate-47', '2025-11-28', 13942),
('rate-47', '2025-11-29', 23577),
('rate-48', '2025-10-01', 17635),
('rate-48', '2025-10-02', 23647),
('rate-48', '2025-10-03', 26011),
('rate-48', '2025-10-04', 11004),
('rate-48', '2025-10-05', 20344),
('rate-48', '2025-10-06', 23948),
('rate-48', '2025-10-07', 27126),
('rate-48', '2025-10-08', 12992),
('rate-48', '2025-10-09', 24201),
('rate-48', '2025-10-10', 13650),
('rate-48', '2025-10-11', 26395),
('rate-48', '2025-10-12', 28029),
('rate-48', '2025-10-13', 10274),
('rate-48', '2025-10-14', 23766),
('rate-48', '2025-10-15', 18590),
('rate-48', '2025-10-16', 13947),
('rate-48', '2025-10-17', 17420),
('rate-48', '2025-10-18', 16590),
('rate-48', '2025-10-19', 21802),
('rate-48', '2025-10-20', 18474),
('rate-48', '2025-10-21', 17414),
('rate-48', '2025-10-22', 28767),
('rate-48', '2025-10-23', 26977),
('rate-48', '2025-10-24', 14512),
('rate-48', '2025-10-25', 11683),
('rate-48', '2025-10-26', 10097),
('rate-48', '2025-10-27', 24473),
('rate-48', '2025-10-28', 20749),
('rate-48', '2025-10-29', 12844),
('rate-48', '2025-10-30', 15024),
('rate-48', '2025-10-31', 18985),
('rate-48', '2025-11-01', 13245),
('rate-48', '2025-11-02', 13272),
('rate-48', '2025-11-03', 10380),
('rate-48', '2025-11-04', 22182),
('rate-48', '2025-11-05', 18990),
('rate-48', '2025-11-06', 22411),
('rate-48', '2025-11-07', 12137),
('rate-48', '2025-11-08', 28106),
('rate-48', '2025-11-09', 17163),
('rate-48', '2025-11-10', 22326),
('rate-48', '2025-11-11', 25689),
('rate-48', '2025-11-12', 16856),
('rate-48', '2025-11-13', 17770),
('rate-48', '2025-11-14', 20901),
('rate-48', '2025-11-15', 27392),
('rate-48', '2025-11-16', 10926),
('rate-48', '2025-11-17', 25373),
('rate-48', '2025-11-18', 29839),
('rate-48', '2025-11-19', 21592),
('rate-48', '2025-11-20', 12723),
('rate-48', '2025-11-21', 29126),
('rate-48', '2025-11-22', 16840),
('rate-48', '2025-11-23', 19608),
('rate-48', '2025-11-24', 15084),
('rate-48', '2025-11-25', 29674),
('rate-48', '2025-11-26', 14244),
('rate-48', '2025-11-27', 22162),
('rate-48', '2025-11-28', 23760),
('rate-48', '2025-11-29', 21974),
('rate-49', '2025-10-01', 19714),
('rate-49', '2025-10-02', 20078),
('rate-49', '2025-10-03', 25510),
('rate-49', '2025-10-04', 17163),
('rate-49', '2025-10-05', 13713),
('rate-49', '2025-10-06', 26966),
('rate-49', '2025-10-07', 25100),
('rate-49', '2025-10-08', 10933),
('rate-49', '2025-10-09', 26297),
('rate-49', '2025-10-10', 10569),
('rate-49', '2025-10-11', 27694),
('rate-49', '2025-10-12', 19058),
('rate-49', '2025-10-13', 10688),
('rate-49', '2025-10-14', 12752),
('rate-49', '2025-10-15', 19357),
('rate-49', '2025-10-16', 18616),
('rate-49', '2025-10-17', 21912),
('rate-49', '2025-10-18', 26271),
('rate-49', '2025-10-19', 27440),
('rate-49', '2025-10-20', 20508),
('rate-49', '2025-10-21', 13189),
('rate-49', '2025-10-22', 17381),
('rate-49', '2025-10-23', 13123),
('rate-49', '2025-10-24', 14292),
('rate-49', '2025-10-25', 14479),
('rate-49', '2025-10-26', 10559),
('rate-49', '2025-10-27', 11691),
('rate-49', '2025-10-28', 16720),
('rate-49', '2025-10-29', 13344),
('rate-49', '2025-10-30', 29699),
('rate-49', '2025-10-31', 29361),
('rate-49', '2025-11-01', 12563),
('rate-49', '2025-11-02', 22592),
('rate-49', '2025-11-03', 14056),
('rate-49', '2025-11-04', 11082),
('rate-49', '2025-11-05', 10855),
('rate-49', '2025-11-06', 11535),
('rate-49', '2025-11-07', 17180),
('rate-49', '2025-11-08', 21385),
('rate-49', '2025-11-09', 19665),
('rate-49', '2025-11-10', 15461),
('rate-49', '2025-11-11', 17653),
('rate-49', '2025-11-12', 22121),
('rate-49', '2025-11-13', 29522),
('rate-49', '2025-11-14', 12527),
('rate-49', '2025-11-15', 16584),
('rate-49', '2025-11-16', 17120),
('rate-49', '2025-11-17', 15928),
('rate-49', '2025-11-18', 17932),
('rate-49', '2025-11-19', 14908),
('rate-49', '2025-11-20', 20108),
('rate-49', '2025-11-21', 17600),
('rate-49', '2025-11-22', 17263),
('rate-49', '2025-11-23', 10199),
('rate-49', '2025-11-24', 13657),
('rate-49', '2025-11-25', 25530),
('rate-49', '2025-11-26', 19946),
('rate-49', '2025-11-27', 15640),
('rate-49', '2025-11-28', 10807),
('rate-49', '2025-11-29', 13983),
('rate-50', '2025-10-01', 21940),
('rate-50', '2025-10-02', 14341),
('rate-50', '2025-10-03', 12126),
('rate-50', '2025-10-04', 16947),
('rate-50', '2025-10-05', 25380),
('rate-50', '2025-10-06', 16563),
('rate-50', '2025-10-07', 28811),
('rate-50', '2025-10-08', 10669),
('rate-50', '2025-10-09', 29302),
('rate-50', '2025-10-10', 26454),
('rate-50', '2025-10-11', 20414),
('rate-50', '2025-10-12', 27335),
('rate-50', '2025-10-13', 26934),
('rate-50', '2025-10-14', 24824),
('rate-50', '2025-10-15', 20199),
('rate-50', '2025-10-16', 22853),
('rate-50', '2025-10-17', 28737),
('rate-50', '2025-10-18', 27077),
('rate-50', '2025-10-19', 27090),
('rate-50', '2025-10-20', 14053),
('rate-50', '2025-10-21', 29013),
('rate-50', '2025-10-22', 28888),
('rate-50', '2025-10-23', 24960),
('rate-50', '2025-10-24', 16718),
('rate-50', '2025-10-25', 26963),
('rate-50', '2025-10-26', 13261),
('rate-50', '2025-10-27', 18315),
('rate-50', '2025-10-28', 21242),
('rate-50', '2025-10-29', 26616),
('rate-50', '2025-10-30', 13356),
('rate-50', '2025-10-31', 22544),
('rate-50', '2025-11-01', 28742),
('rate-50', '2025-11-02', 15309),
('rate-50', '2025-11-03', 26378),
('rate-50', '2025-11-04', 17621),
('rate-50', '2025-11-05', 25661),
('rate-50', '2025-11-06', 23002),
('rate-50', '2025-11-07', 19597),
('rate-50', '2025-11-08', 10891),
('rate-50', '2025-11-09', 18812),
('rate-50', '2025-11-10', 14917),
('rate-50', '2025-11-11', 12511),
('rate-50', '2025-11-12', 29857),
('rate-50', '2025-11-13', 11075),
('rate-50', '2025-11-14', 26107),
('rate-50', '2025-11-15', 11612),
('rate-50', '2025-11-16', 11307),
('rate-50', '2025-11-17', 28381),
('rate-50', '2025-11-18', 24617),
('rate-50', '2025-11-19', 10071),
('rate-50', '2025-11-20', 29771),
('rate-50', '2025-11-21', 14134),
('rate-50', '2025-11-22', 21125),
('rate-50', '2025-11-23', 12935),
('rate-50', '2025-11-24', 29712),
('rate-50', '2025-11-25', 28465),
('rate-50', '2025-11-26', 17542),
('rate-50', '2025-11-27', 25426),
('rate-50', '2025-11-28', 14865),
('rate-50', '2025-11-29', 21579),
('rate-51', '2025-10-01', 11275),
('rate-51', '2025-10-02', 29899),
('rate-51', '2025-10-03', 16436),
('rate-51', '2025-10-04', 14944),
('rate-51', '2025-10-05', 19322),
('rate-51', '2025-10-06', 18152),
('rate-51', '2025-10-07', 12231),
('rate-51', '2025-10-08', 13935),
('rate-51', '2025-10-09', 13397),
('rate-51', '2025-10-10', 22362),
('rate-51', '2025-10-11', 14168),
('rate-51', '2025-10-12', 26677),
('rate-51', '2025-10-13', 25791),
('rate-51', '2025-10-14', 11838),
('rate-51', '2025-10-15', 10853),
('rate-51', '2025-10-16', 16170),
('rate-51', '2025-10-17', 11585),
('rate-51', '2025-10-18', 16710),
('rate-51', '2025-10-19', 12019),
('rate-51', '2025-10-20', 20205),
('rate-51', '2025-10-21', 21415),
('rate-51', '2025-10-22', 14297),
('rate-51', '2025-10-23', 14829),
('rate-51', '2025-10-24', 23487),
('rate-51', '2025-10-25', 15440),
('rate-51', '2025-10-26', 27772),
('rate-51', '2025-10-27', 18545),
('rate-51', '2025-10-28', 28960),
('rate-51', '2025-10-29', 24544),
('rate-51', '2025-10-30', 11829),
('rate-51', '2025-10-31', 28999),
('rate-51', '2025-11-01', 17251),
('rate-51', '2025-11-02', 17918),
('rate-51', '2025-11-03', 21570),
('rate-51', '2025-11-04', 25252),
('rate-51', '2025-11-05', 23215),
('rate-51', '2025-11-06', 24768),
('rate-51', '2025-11-07', 22708),
('rate-51', '2025-11-08', 29641),
('rate-51', '2025-11-09', 26074),
('rate-51', '2025-11-10', 17731),
('rate-51', '2025-11-11', 17095),
('rate-51', '2025-11-12', 23934),
('rate-51', '2025-11-13', 28313),
('rate-51', '2025-11-14', 18293),
('rate-51', '2025-11-15', 19354),
('rate-51', '2025-11-16', 27833),
('rate-51', '2025-11-17', 27515),
('rate-51', '2025-11-18', 13227),
('rate-51', '2025-11-19', 17365),
('rate-51', '2025-11-20', 20978),
('rate-51', '2025-11-21', 20407),
('rate-51', '2025-11-22', 10714),
('rate-51', '2025-11-23', 14230),
('rate-51', '2025-11-24', 21824),
('rate-51', '2025-11-25', 13603),
('rate-51', '2025-11-26', 12716),
('rate-51', '2025-11-27', 21369),
('rate-51', '2025-11-28', 21963),
('rate-51', '2025-11-29', 14581),
('rate-52', '2025-10-01', 24994),
('rate-52', '2025-10-02', 28901),
('rate-52', '2025-10-03', 26733),
('rate-52', '2025-10-04', 14136),
('rate-52', '2025-10-05', 28172),
('rate-52', '2025-10-06', 13981),
('rate-52', '2025-10-07', 21625),
('rate-52', '2025-10-08', 11284),
('rate-52', '2025-10-09', 19870),
('rate-52', '2025-10-10', 22097),
('rate-52', '2025-10-11', 27037),
('rate-52', '2025-10-12', 28136),
('rate-52', '2025-10-13', 25301),
('rate-52', '2025-10-14', 22239),
('rate-52', '2025-10-15', 14598),
('rate-52', '2025-10-16', 27050),
('rate-52', '2025-10-17', 25560),
('rate-52', '2025-10-18', 19164),
('rate-52', '2025-10-19', 18671),
('rate-52', '2025-10-20', 28885),
('rate-52', '2025-10-21', 17665),
('rate-52', '2025-10-22', 13669),
('rate-52', '2025-10-23', 29236),
('rate-52', '2025-10-24', 13885),
('rate-52', '2025-10-25', 20430),
('rate-52', '2025-10-26', 15961),
('rate-52', '2025-10-27', 13624),
('rate-52', '2025-10-28', 20815),
('rate-52', '2025-10-29', 27691),
('rate-52', '2025-10-30', 27618),
('rate-52', '2025-10-31', 20045),
('rate-52', '2025-11-01', 27967),
('rate-52', '2025-11-02', 17718),
('rate-52', '2025-11-03', 12306),
('rate-52', '2025-11-04', 18638),
('rate-52', '2025-11-05', 27851),
('rate-52', '2025-11-06', 19354),
('rate-52', '2025-11-07', 12463),
('rate-52', '2025-11-08', 20051),
('rate-52', '2025-11-09', 16389),
('rate-52', '2025-11-10', 11722),
('rate-52', '2025-11-11', 22132),
('rate-52', '2025-11-12', 26786),
('rate-52', '2025-11-13', 13556),
('rate-52', '2025-11-14', 14951),
('rate-52', '2025-11-15', 26695),
('rate-52', '2025-11-16', 10636),
('rate-52', '2025-11-17', 14901),
('rate-52', '2025-11-18', 21184),
('rate-52', '2025-11-19', 23465),
('rate-52', '2025-11-20', 26375),
('rate-52', '2025-11-21', 27941),
('rate-52', '2025-11-22', 27787),
('rate-52', '2025-11-23', 19552),
('rate-52', '2025-11-24', 16568),
('rate-52', '2025-11-25', 25466),
('rate-52', '2025-11-26', 19165),
('rate-52', '2025-11-27', 21357),
('rate-52', '2025-11-28', 16690),
('rate-52', '2025-11-29', 21487),
('rate-53', '2025-10-01', 23558),
('rate-53', '2025-10-02', 23402),
('rate-53', '2025-10-03', 13765),
('rate-53', '2025-10-04', 17727),
('rate-53', '2025-10-05', 28553),
('rate-53', '2025-10-06', 16034),
('rate-53', '2025-10-07', 28909),
('rate-53', '2025-10-08', 22546),
('rate-53', '2025-10-09', 19436),
('rate-53', '2025-10-10', 23407),
('rate-53', '2025-10-11', 19857),
('rate-53', '2025-10-12', 19756),
('rate-53', '2025-10-13', 19420),
('rate-53', '2025-10-14', 10254),
('rate-53', '2025-10-15', 11021),
('rate-53', '2025-10-16', 18063),
('rate-53', '2025-10-17', 27796),
('rate-53', '2025-10-18', 25040),
('rate-53', '2025-10-19', 16892),
('rate-53', '2025-10-20', 28785),
('rate-53', '2025-10-21', 13236),
('rate-53', '2025-10-22', 19262),
('rate-53', '2025-10-23', 10970),
('rate-53', '2025-10-24', 12548),
('rate-53', '2025-10-25', 19680),
('rate-53', '2025-10-26', 25169),
('rate-53', '2025-10-27', 29437),
('rate-53', '2025-10-28', 20546),
('rate-53', '2025-10-29', 23127),
('rate-53', '2025-10-30', 28151),
('rate-53', '2025-10-31', 27196),
('rate-53', '2025-11-01', 18408),
('rate-53', '2025-11-02', 29975),
('rate-53', '2025-11-03', 16487),
('rate-53', '2025-11-04', 24713),
('rate-53', '2025-11-05', 14155),
('rate-53', '2025-11-06', 20290),
('rate-53', '2025-11-07', 25700),
('rate-53', '2025-11-08', 21215),
('rate-53', '2025-11-09', 15701),
('rate-53', '2025-11-10', 14065),
('rate-53', '2025-11-11', 15434),
('rate-53', '2025-11-12', 27825),
('rate-53', '2025-11-13', 28228),
('rate-53', '2025-11-14', 13704),
('rate-53', '2025-11-15', 11878),
('rate-53', '2025-11-16', 14789),
('rate-53', '2025-11-17', 13196),
('rate-53', '2025-11-18', 24360),
('rate-53', '2025-11-19', 20450),
('rate-53', '2025-11-20', 19319),
('rate-53', '2025-11-21', 27363),
('rate-53', '2025-11-22', 25380),
('rate-53', '2025-11-23', 13220),
('rate-53', '2025-11-24', 11154),
('rate-53', '2025-11-25', 27991),
('rate-53', '2025-11-26', 22422),
('rate-53', '2025-11-27', 19440),
('rate-53', '2025-11-28', 20568),
('rate-53', '2025-11-29', 24450),
('rate-54', '2025-10-01', 27416),
('rate-54', '2025-10-02', 27403),
('rate-54', '2025-10-03', 20146),
('rate-54', '2025-10-04', 12918),
('rate-54', '2025-10-05', 14172),
('rate-54', '2025-10-06', 20917),
('rate-54', '2025-10-07', 17280),
('rate-54', '2025-10-08', 10432),
('rate-54', '2025-10-09', 19625),
('rate-54', '2025-10-10', 20325),
('rate-54', '2025-10-11', 10410),
('rate-54', '2025-10-12', 16034),
('rate-54', '2025-10-13', 27285),
('rate-54', '2025-10-14', 14425),
('rate-54', '2025-10-15', 16452),
('rate-54', '2025-10-16', 22883),
('rate-54', '2025-10-17', 14898),
('rate-54', '2025-10-18', 20675),
('rate-54', '2025-10-19', 18445),
('rate-54', '2025-10-20', 18498),
('rate-54', '2025-10-21', 13583),
('rate-54', '2025-10-22', 18330),
('rate-54', '2025-10-23', 14821),
('rate-54', '2025-10-24', 25322),
('rate-54', '2025-10-25', 29588),
('rate-54', '2025-10-26', 12847),
('rate-54', '2025-10-27', 17699),
('rate-54', '2025-10-28', 14167),
('rate-54', '2025-10-29', 20152),
('rate-54', '2025-10-30', 12857),
('rate-54', '2025-10-31', 25981),
('rate-54', '2025-11-01', 26702),
('rate-54', '2025-11-02', 12782),
('rate-54', '2025-11-03', 17442),
('rate-54', '2025-11-04', 21200),
('rate-54', '2025-11-05', 21834),
('rate-54', '2025-11-06', 14179),
('rate-54', '2025-11-07', 20182),
('rate-54', '2025-11-08', 10049),
('rate-54', '2025-11-09', 28039),
('rate-54', '2025-11-10', 14052),
('rate-54', '2025-11-11', 27438),
('rate-54', '2025-11-12', 25044),
('rate-54', '2025-11-13', 15364),
('rate-54', '2025-11-14', 18146),
('rate-54', '2025-11-15', 17909),
('rate-54', '2025-11-16', 27005),
('rate-54', '2025-11-17', 17125),
('rate-54', '2025-11-18', 23195),
('rate-54', '2025-11-19', 29886),
('rate-54', '2025-11-20', 15300),
('rate-54', '2025-11-21', 29477),
('rate-54', '2025-11-22', 27624),
('rate-54', '2025-11-23', 14497),
('rate-54', '2025-11-24', 13371),
('rate-54', '2025-11-25', 21940),
('rate-54', '2025-11-26', 12433),
('rate-54', '2025-11-27', 28494),
('rate-54', '2025-11-28', 22083),
('rate-54', '2025-11-29', 25549),
('rate-55', '2025-10-01', 12539),
('rate-55', '2025-10-02', 20007),
('rate-55', '2025-10-03', 12063),
('rate-55', '2025-10-04', 22092),
('rate-55', '2025-10-05', 13102),
('rate-55', '2025-10-06', 11531),
('rate-55', '2025-10-07', 11216),
('rate-55', '2025-10-08', 24585),
('rate-55', '2025-10-09', 11470),
('rate-55', '2025-10-10', 14079),
('rate-55', '2025-10-11', 18849),
('rate-55', '2025-10-12', 20956),
('rate-55', '2025-10-13', 13374),
('rate-55', '2025-10-14', 27914),
('rate-55', '2025-10-15', 15616),
('rate-55', '2025-10-16', 10351),
('rate-55', '2025-10-17', 29772),
('rate-55', '2025-10-18', 12730),
('rate-55', '2025-10-19', 15753),
('rate-55', '2025-10-20', 18176),
('rate-55', '2025-10-21', 16702),
('rate-55', '2025-10-22', 26531),
('rate-55', '2025-10-23', 10841),
('rate-55', '2025-10-24', 28002),
('rate-55', '2025-10-25', 10317),
('rate-55', '2025-10-26', 17469),
('rate-55', '2025-10-27', 10246),
('rate-55', '2025-10-28', 15350),
('rate-55', '2025-10-29', 25631),
('rate-55', '2025-10-30', 14927),
('rate-55', '2025-10-31', 19856),
('rate-55', '2025-11-01', 25471),
('rate-55', '2025-11-02', 17473),
('rate-55', '2025-11-03', 29580),
('rate-55', '2025-11-04', 23317),
('rate-55', '2025-11-05', 26349),
('rate-55', '2025-11-06', 27071),
('rate-55', '2025-11-07', 23534),
('rate-55', '2025-11-08', 18414),
('rate-55', '2025-11-09', 15998),
('rate-55', '2025-11-10', 28698),
('rate-55', '2025-11-11', 23244),
('rate-55', '2025-11-12', 10870),
('rate-55', '2025-11-13', 27837),
('rate-55', '2025-11-14', 14512),
('rate-55', '2025-11-15', 26350),
('rate-55', '2025-11-16', 23557),
('rate-55', '2025-11-17', 11559),
('rate-55', '2025-11-18', 13372),
('rate-55', '2025-11-19', 11801),
('rate-55', '2025-11-20', 10159),
('rate-55', '2025-11-21', 27828),
('rate-55', '2025-11-22', 18540),
('rate-55', '2025-11-23', 22569),
('rate-55', '2025-11-24', 28557),
('rate-55', '2025-11-25', 23333),
('rate-55', '2025-11-26', 22295),
('rate-55', '2025-11-27', 24261),
('rate-55', '2025-11-28', 23868),
('rate-55', '2025-11-29', 27249),
('rate-56', '2025-10-01', 20412),
('rate-56', '2025-10-02', 13706),
('rate-56', '2025-10-03', 17735),
('rate-56', '2025-10-04', 23529),
('rate-56', '2025-10-05', 26656),
('rate-56', '2025-10-06', 10797),
('rate-56', '2025-10-07', 13089),
('rate-56', '2025-10-08', 13083),
('rate-56', '2025-10-09', 10695),
('rate-56', '2025-10-10', 24947),
('rate-56', '2025-10-11', 23449),
('rate-56', '2025-10-12', 13610),
('rate-56', '2025-10-13', 26108),
('rate-56', '2025-10-14', 17578),
('rate-56', '2025-10-15', 28413),
('rate-56', '2025-10-16', 14462),
('rate-56', '2025-10-17', 21430),
('rate-56', '2025-10-18', 26823),
('rate-56', '2025-10-19', 27288),
('rate-56', '2025-10-20', 10557),
('rate-56', '2025-10-21', 26070),
('rate-56', '2025-10-22', 26642),
('rate-56', '2025-10-23', 13100),
('rate-56', '2025-10-24', 18384),
('rate-56', '2025-10-25', 15445),
('rate-56', '2025-10-26', 18056),
('rate-56', '2025-10-27', 14756),
('rate-56', '2025-10-28', 17921),
('rate-56', '2025-10-29', 20363),
('rate-56', '2025-10-30', 23851),
('rate-56', '2025-10-31', 24825),
('rate-56', '2025-11-01', 25281),
('rate-56', '2025-11-02', 24883),
('rate-56', '2025-11-03', 16938),
('rate-56', '2025-11-04', 12022),
('rate-56', '2025-11-05', 27911),
('rate-56', '2025-11-06', 27623),
('rate-56', '2025-11-07', 22067),
('rate-56', '2025-11-08', 22765),
('rate-56', '2025-11-09', 20541),
('rate-56', '2025-11-10', 17861),
('rate-56', '2025-11-11', 15186),
('rate-56', '2025-11-12', 20430),
('rate-56', '2025-11-13', 21020),
('rate-56', '2025-11-14', 18293),
('rate-56', '2025-11-15', 29290),
('rate-56', '2025-11-16', 24291),
('rate-56', '2025-11-17', 12694),
('rate-56', '2025-11-18', 19382),
('rate-56', '2025-11-19', 24488),
('rate-56', '2025-11-20', 19885),
('rate-56', '2025-11-21', 19091),
('rate-56', '2025-11-22', 27142),
('rate-56', '2025-11-23', 28562),
('rate-56', '2025-11-24', 28988),
('rate-56', '2025-11-25', 26788),
('rate-56', '2025-11-26', 11754),
('rate-56', '2025-11-27', 12879),
('rate-56', '2025-11-28', 27898),
('rate-56', '2025-11-29', 21205),
('rate-57', '2025-10-01', 18878),
('rate-57', '2025-10-02', 26673),
('rate-57', '2025-10-03', 10051),
('rate-57', '2025-10-04', 24378),
('rate-57', '2025-10-05', 19207),
('rate-57', '2025-10-06', 22293),
('rate-57', '2025-10-07', 25989),
('rate-57', '2025-10-08', 21397),
('rate-57', '2025-10-09', 27944),
('rate-57', '2025-10-10', 23971),
('rate-57', '2025-10-11', 29818),
('rate-57', '2025-10-12', 16440),
('rate-57', '2025-10-13', 16701),
('rate-57', '2025-10-14', 27172),
('rate-57', '2025-10-15', 26185),
('rate-57', '2025-10-16', 10836),
('rate-57', '2025-10-17', 17573),
('rate-57', '2025-10-18', 28059),
('rate-57', '2025-10-19', 17395),
('rate-57', '2025-10-20', 26077),
('rate-57', '2025-10-21', 23444),
('rate-57', '2025-10-22', 12539),
('rate-57', '2025-10-23', 10895),
('rate-57', '2025-10-24', 22478),
('rate-57', '2025-10-25', 29676),
('rate-57', '2025-10-26', 20331),
('rate-57', '2025-10-27', 11871),
('rate-57', '2025-10-28', 22553),
('rate-57', '2025-10-29', 16616),
('rate-57', '2025-10-30', 22523),
('rate-57', '2025-10-31', 21304),
('rate-57', '2025-11-01', 23630),
('rate-57', '2025-11-02', 20288),
('rate-57', '2025-11-03', 16632),
('rate-57', '2025-11-04', 20510),
('rate-57', '2025-11-05', 15349),
('rate-57', '2025-11-06', 21802),
('rate-57', '2025-11-07', 21443),
('rate-57', '2025-11-08', 25894),
('rate-57', '2025-11-09', 13133),
('rate-57', '2025-11-10', 15826),
('rate-57', '2025-11-11', 28286),
('rate-57', '2025-11-12', 24000),
('rate-57', '2025-11-13', 10804),
('rate-57', '2025-11-14', 14650),
('rate-57', '2025-11-15', 29988),
('rate-57', '2025-11-16', 12938),
('rate-57', '2025-11-17', 14454),
('rate-57', '2025-11-18', 16765),
('rate-57', '2025-11-19', 24711),
('rate-57', '2025-11-20', 19319),
('rate-57', '2025-11-21', 19847),
('rate-57', '2025-11-22', 19711),
('rate-57', '2025-11-23', 18207),
('rate-57', '2025-11-24', 23350),
('rate-57', '2025-11-25', 29304),
('rate-57', '2025-11-26', 22856),
('rate-57', '2025-11-27', 16267),
('rate-57', '2025-11-28', 19055),
('rate-57', '2025-11-29', 22871),
('rate-58', '2025-10-01', 23561),
('rate-58', '2025-10-02', 23781),
('rate-58', '2025-10-03', 23694),
('rate-58', '2025-10-04', 15854),
('rate-58', '2025-10-05', 26415),
('rate-58', '2025-10-06', 12596),
('rate-58', '2025-10-07', 26883),
('rate-58', '2025-10-08', 18320),
('rate-58', '2025-10-09', 25656),
('rate-58', '2025-10-10', 11581),
('rate-58', '2025-10-11', 10763),
('rate-58', '2025-10-12', 13568),
('rate-58', '2025-10-13', 22903),
('rate-58', '2025-10-14', 21930),
('rate-58', '2025-10-15', 24133),
('rate-58', '2025-10-16', 10374),
('rate-58', '2025-10-17', 11968),
('rate-58', '2025-10-18', 12364),
('rate-58', '2025-10-19', 27217),
('rate-58', '2025-10-20', 15488),
('rate-58', '2025-10-21', 18697),
('rate-58', '2025-10-22', 24505),
('rate-58', '2025-10-23', 10600),
('rate-58', '2025-10-24', 13538),
('rate-58', '2025-10-25', 26334),
('rate-58', '2025-10-26', 21183),
('rate-58', '2025-10-27', 21253),
('rate-58', '2025-10-28', 27593),
('rate-58', '2025-10-29', 20665),
('rate-58', '2025-10-30', 16649),
('rate-58', '2025-10-31', 13998),
('rate-58', '2025-11-01', 18180),
('rate-58', '2025-11-02', 18685),
('rate-58', '2025-11-03', 23816),
('rate-58', '2025-11-04', 23054),
('rate-58', '2025-11-05', 13747),
('rate-58', '2025-11-06', 23108),
('rate-58', '2025-11-07', 20660),
('rate-58', '2025-11-08', 19777),
('rate-58', '2025-11-09', 24312),
('rate-58', '2025-11-10', 15612),
('rate-58', '2025-11-11', 19904),
('rate-58', '2025-11-12', 15624),
('rate-58', '2025-11-13', 23858),
('rate-58', '2025-11-14', 24290),
('rate-58', '2025-11-15', 17037),
('rate-58', '2025-11-16', 23535),
('rate-58', '2025-11-17', 21651),
('rate-58', '2025-11-18', 10501),
('rate-58', '2025-11-19', 23637),
('rate-58', '2025-11-20', 13560),
('rate-58', '2025-11-21', 25543),
('rate-58', '2025-11-22', 23255),
('rate-58', '2025-11-23', 16421),
('rate-58', '2025-11-24', 15050),
('rate-58', '2025-11-25', 27221),
('rate-58', '2025-11-26', 23085),
('rate-58', '2025-11-27', 27845),
('rate-58', '2025-11-28', 14956),
('rate-58', '2025-11-29', 29273),
('rate-59', '2025-10-01', 28611),
('rate-59', '2025-10-02', 25948),
('rate-59', '2025-10-03', 29632),
('rate-59', '2025-10-04', 22065),
('rate-59', '2025-10-05', 22427),
('rate-59', '2025-10-06', 22961),
('rate-59', '2025-10-07', 18236),
('rate-59', '2025-10-08', 10205),
('rate-59', '2025-10-09', 19847),
('rate-59', '2025-10-10', 15027),
('rate-59', '2025-10-11', 15815),
('rate-59', '2025-10-12', 24524),
('rate-59', '2025-10-13', 10037),
('rate-59', '2025-10-14', 14847),
('rate-59', '2025-10-15', 27488),
('rate-59', '2025-10-16', 14234),
('rate-59', '2025-10-17', 24701),
('rate-59', '2025-10-18', 19773),
('rate-59', '2025-10-19', 22650),
('rate-59', '2025-10-20', 22746),
('rate-59', '2025-10-21', 27161),
('rate-59', '2025-10-22', 26104),
('rate-59', '2025-10-23', 20166),
('rate-59', '2025-10-24', 26638),
('rate-59', '2025-10-25', 18163),
('rate-59', '2025-10-26', 22340),
('rate-59', '2025-10-27', 14210),
('rate-59', '2025-10-28', 10035),
('rate-59', '2025-10-29', 14269),
('rate-59', '2025-10-30', 12005),
('rate-59', '2025-10-31', 20926),
('rate-59', '2025-11-01', 11090),
('rate-59', '2025-11-02', 13976),
('rate-59', '2025-11-03', 10832),
('rate-59', '2025-11-04', 11689),
('rate-59', '2025-11-05', 26113),
('rate-59', '2025-11-06', 24856),
('rate-59', '2025-11-07', 10111),
('rate-59', '2025-11-08', 25729),
('rate-59', '2025-11-09', 29020),
('rate-59', '2025-11-10', 15556),
('rate-59', '2025-11-11', 19157),
('rate-59', '2025-11-12', 15199),
('rate-59', '2025-11-13', 12049),
('rate-59', '2025-11-14', 17641),
('rate-59', '2025-11-15', 25905),
('rate-59', '2025-11-16', 15200),
('rate-59', '2025-11-17', 17646),
('rate-59', '2025-11-18', 11589),
('rate-59', '2025-11-19', 19246),
('rate-59', '2025-11-20', 22092),
('rate-59', '2025-11-21', 27894),
('rate-59', '2025-11-22', 20253),
('rate-59', '2025-11-23', 26137),
('rate-59', '2025-11-24', 21871),
('rate-59', '2025-11-25', 13806),
('rate-59', '2025-11-26', 17976),
('rate-59', '2025-11-27', 18386),
('rate-59', '2025-11-28', 24061),
('rate-59', '2025-11-29', 25284),
('rate-60', '2025-10-01', 15920),
('rate-60', '2025-10-02', 19224),
('rate-60', '2025-10-03', 17337),
('rate-60', '2025-10-04', 10244),
('rate-60', '2025-10-05', 10541),
('rate-60', '2025-10-06', 21739),
('rate-60', '2025-10-07', 21833),
('rate-60', '2025-10-08', 14181),
('rate-60', '2025-10-09', 11409),
('rate-60', '2025-10-10', 14442),
('rate-60', '2025-10-11', 26096),
('rate-60', '2025-10-12', 19992),
('rate-60', '2025-10-13', 28923),
('rate-60', '2025-10-14', 12552),
('rate-60', '2025-10-15', 21921),
('rate-60', '2025-10-16', 23606),
('rate-60', '2025-10-17', 12356),
('rate-60', '2025-10-18', 13377),
('rate-60', '2025-10-19', 21566),
('rate-60', '2025-10-20', 27543),
('rate-60', '2025-10-21', 28166),
('rate-60', '2025-10-22', 10090),
('rate-60', '2025-10-23', 27354),
('rate-60', '2025-10-24', 12566),
('rate-60', '2025-10-25', 16309),
('rate-60', '2025-10-26', 25801),
('rate-60', '2025-10-27', 29400),
('rate-60', '2025-10-28', 22224),
('rate-60', '2025-10-29', 29020),
('rate-60', '2025-10-30', 22853),
('rate-60', '2025-10-31', 26351),
('rate-60', '2025-11-01', 23188),
('rate-60', '2025-11-02', 24715),
('rate-60', '2025-11-03', 19826),
('rate-60', '2025-11-04', 28627),
('rate-60', '2025-11-05', 17421),
('rate-60', '2025-11-06', 25458),
('rate-60', '2025-11-07', 24981),
('rate-60', '2025-11-08', 21069),
('rate-60', '2025-11-09', 24487),
('rate-60', '2025-11-10', 19396),
('rate-60', '2025-11-11', 20681),
('rate-60', '2025-11-12', 29258),
('rate-60', '2025-11-13', 12613),
('rate-60', '2025-11-14', 28442),
('rate-60', '2025-11-15', 23782),
('rate-60', '2025-11-16', 28280),
('rate-60', '2025-11-17', 13749),
('rate-60', '2025-11-18', 29012),
('rate-60', '2025-11-19', 14405),
('rate-60', '2025-11-20', 23950),
('rate-60', '2025-11-21', 14016),
('rate-60', '2025-11-22', 17348),
('rate-60', '2025-11-23', 13868),
('rate-60', '2025-11-24', 23613),
('rate-60', '2025-11-25', 25328),
('rate-60', '2025-11-26', 14390),
('rate-60', '2025-11-27', 25812),
('rate-60', '2025-11-28', 17056),
('rate-60', '2025-11-29', 29499);
INSERT INTO availability (room_type_id, date, available) VALUES
('room_type1', '2025-10-01', 5),
('room_type1', '2025-10-02', 4),
('room_type1', '2025-10-03', 5),
('room_type1', '2025-10-04', 2),
('room_type1', '2025-10-05', 8),
('room_type1', '2025-10-06', 3),
('room_type1', '2025-10-07', 5),
('room_type1', '2025-10-08', 6),
('room_type1', '2025-10-09', 8),
('room_type1', '2025-10-10', 1),
('room_type1', '2025-10-11', 1),
('room_type1', '2025-10-12', 7),
('room_type1', '2025-10-13', 10),
('room_type1', '2025-10-14', 10),
('room_type1', '2025-10-15', 10),
('room_type1', '2025-10-16', 6),
('room_type1', '2025-10-17', 10),
('room_type1', '2025-10-18', 2),
('room_type1', '2025-10-19', 10),
('room_type1', '2025-10-20', 2),
('room_type1', '2025-10-21', 8),
('room_type1', '2025-10-22', 3),
('room_type1', '2025-10-23', 4),
('room_type1', '2025-10-24', 4),
('room_type1', '2025-10-25', 5),
('room_type1', '2025-10-26', 5),
('room_type1', '2025-10-27', 1),
('room_type1', '2025-10-28', 6),
('room_type1', '2025-10-29', 10),
('room_type1', '2025-10-30', 9),
('room_type1', '2025-10-31', 3),
('room_type1', '2025-11-01', 6),
('room_type1', '2025-11-02', 1),
('room_type1', '2025-11-03', 2),
('room_type1', '2025-11-04', 4),
('room_type1', '2025-11-05', 1),
('room_type1', '2025-11-06', 5),
('room_type1', '2025-11-07', 4),
('room_type1', '2025-11-08', 4),
('room_type1', '2025-11-09', 2),
('room_type1', '2025-11-10', 3),
('room_type1', '2025-11-11', 8),
('room_type1', '2025-11-12', 7),
('room_type1', '2025-11-13', 10),
('room_type1', '2025-11-14', 8),
('room_type1', '2025-11-15', 2),
('room_type1', '2025-11-16', 8),
('room_type1', '2025-11-17', 3),
('room_type1', '2025-11-18', 7),
('room_type1', '2025-11-19', 8),
('room_type1', '2025-11-20', 2),
('room_type1', '2025-11-21', 1),
('room_type1', '2025-11-22', 5),
('room_type1', '2025-11-23', 6),
('room_type1', '2025-11-24', 1),
('room_type1', '2025-11-25', 2),
('room_type1', '2025-11-26', 3),
('room_type1', '2025-11-27', 1),
('room_type1', '2025-11-28', 5),
('room_type1', '2025-11-29', 6),
('room_type2', '2025-10-01', 7),
('room_type2', '2025-10-02', 7),
('room_type2', '2025-10-03', 1),
('room_type2', '2025-10-04', 8),
('room_type2', '2025-10-05', 10),
('room_type2', '2025-10-06', 7),
('room_type2', '2025-10-07', 1),
('room_type2', '2025-10-08', 7),
('room_type2', '2025-10-09', 6),
('room_type2', '2025-10-10', 3),
('room_type2', '2025-10-11', 10),
('room_type2', '2025-10-12', 4),
('room_type2', '2025-10-13', 8),
('room_type2', '2025-10-14', 3),
('room_type2', '2025-10-15', 5),
('room_type2', '2025-10-16', 4),
('room_type2', '2025-10-17', 5),
('room_type2', '2025-10-18', 6),
('room_type2', '2025-10-19', 7),
('room_type2', '2025-10-20', 8),
('room_type2', '2025-10-21', 6),
('room_type2', '2025-10-22', 3),
('room_type2', '2025-10-23', 9),
('room_type2', '2025-10-24', 10),
('room_type2', '2025-10-25', 3),
('room_type2', '2025-10-26', 2),
('room_type2', '2025-10-27', 2),
('room_type2', '2025-10-28', 6),
('room_type2', '2025-10-29', 2),
('room_type2', '2025-10-30', 2),
('room_type2', '2025-10-31', 7),
('room_type2', '2025-11-01', 2),
('room_type2', '2025-11-02', 5),
('room_type2', '2025-11-03', 7),
('room_type2', '2025-11-04', 2),
('room_type2', '2025-11-05', 2),
('room_type2', '2025-11-06', 7),
('room_type2', '2025-11-07', 7),
('room_type2', '2025-11-08', 6),
('room_type2', '2025-11-09', 8),
('room_type2', '2025-11-10', 5),
('room_type2', '2025-11-11', 5),
('room_type2', '2025-11-12', 10),
('room_type2', '2025-11-13', 4),
('room_type2', '2025-11-14', 2),
('room_type2', '2025-11-15', 8),
('room_type2', '2025-11-16', 5),
('room_type2', '2025-11-17', 2),
('room_type2', '2025-11-18', 4),
('room_type2', '2025-11-19', 1),
('room_type2', '2025-11-20', 8),
('room_type2', '2025-11-21', 1),
('room_type2', '2025-11-22', 10),
('room_type2', '2025-11-23', 2),
('room_type2', '2025-11-24', 5),
('room_type2', '2025-11-25', 5),
('room_type2', '2025-11-26', 6),
('room_type2', '2025-11-27', 3),
('room_type2', '2025-11-28', 6),
('room_type2', '2025-11-29', 6),
('room_type3', '2025-10-01', 2),
('room_type3', '2025-10-02', 10),
('room_type3', '2025-10-03', 1),
('room_type3', '2025-10-04', 3),
('room_type3', '2025-10-05', 10),
('room_type3', '2025-10-06', 10),
('room_type3', '2025-10-07', 5),
('room_type3', '2025-10-08', 9),
('room_type3', '2025-10-09', 10),
('room_type3', '2025-10-10', 7),
('room_type3', '2025-10-11', 6),
('room_type3', '2025-10-12', 3),
('room_type3', '2025-10-13', 3),
('room_type3', '2025-10-14', 2),
('room_type3', '2025-10-15', 8),
('room_type3', '2025-10-16', 10),
('room_type3', '2025-10-17', 7),
('room_type3', '2025-10-18', 5),
('room_type3', '2025-10-19', 7),
('room_type3', '2025-10-20', 8),
('room_type3', '2025-10-21', 7),
('room_type3', '2025-10-22', 6),
('room_type3', '2025-10-23', 2),
('room_type3', '2025-10-24', 8),
('room_type3', '2025-10-25', 9),
('room_type3', '2025-10-26', 9),
('room_type3', '2025-10-27', 5),
('room_type3', '2025-10-28', 6),
('room_type3', '2025-10-29', 6),
('room_type3', '2025-10-30', 4),
('room_type3', '2025-10-31', 5),
('room_type3', '2025-11-01', 3),
('room_type3', '2025-11-02', 5),
('room_type3', '2025-11-03', 9),
('room_type3', '2025-11-04', 7),
('room_type3', '2025-11-05', 7),
('room_type3', '2025-11-06', 8),
('room_type3', '2025-11-07', 4),
('room_type3', '2025-11-08', 4),
('room_type3', '2025-11-09', 8),
('room_type3', '2025-11-10', 3),
('room_type3', '2025-11-11', 3),
('room_type3', '2025-11-12', 7),
('room_type3', '2025-11-13', 10),
('room_type3', '2025-11-14', 4),
('room_type3', '2025-11-15', 3),
('room_type3', '2025-11-16', 3),
('room_type3', '2025-11-17', 7),
('room_type3', '2025-11-18', 6),
('room_type3', '2025-11-19', 6),
('room_type3', '2025-11-20', 8),
('room_type3', '2025-11-21', 2),
('room_type3', '2025-11-22', 8),
('room_type3', '2025-11-23', 7),
('room_type3', '2025-11-24', 4),
('room_type3', '2025-11-25', 8),
('room_type3', '2025-11-26', 3),
('room_type3', '2025-11-27', 6),
('room_type3', '2025-11-28', 5),
('room_type3', '2025-11-29', 7),
('room_type4', '2025-10-01', 7),
('room_type4', '2025-10-02', 6),
('room_type4', '2025-10-03', 2),
('room_type4', '2025-10-04', 6),
('room_type4', '2025-10-05', 5),
('room_type4', '2025-10-06', 7),
('room_type4', '2025-10-07', 9),
('room_type4', '2025-10-08', 2),
('room_type4', '2025-10-09', 5),
('room_type4', '2025-10-10', 8),
('room_type4', '2025-10-11', 8),
('room_type4', '2025-10-12', 9),
('room_type4', '2025-10-13', 4),
('room_type4', '2025-10-14', 9),
('room_type4', '2025-10-15', 9),
('room_type4', '2025-10-16', 1),
('room_type4', '2025-10-17', 4),
('room_type4', '2025-10-18', 9),
('room_type4', '2025-10-19', 6),
('room_type4', '2025-10-20', 10),
('room_type4', '2025-10-21', 7),
('room_type4', '2025-10-22', 8),
('room_type4', '2025-10-23', 9),
('room_type4', '2025-10-24', 9),
('room_type4', '2025-10-25', 3),
('room_type4', '2025-10-26', 4),
('room_type4', '2025-10-27', 8),
('room_type4', '2025-10-28', 6),
('room_type4', '2025-10-29', 9),
('room_type4', '2025-10-30', 1),
('room_type4', '2025-10-31', 6),
('room_type4', '2025-11-01', 4),
('room_type4', '2025-11-02', 8),
('room_type4', '2025-11-03', 8),
('room_type4', '2025-11-04', 4),
('room_type4', '2025-11-05', 4),
('room_type4', '2025-11-06', 3),
('room_type4', '2025-11-07', 7),
('room_type4', '2025-11-08', 1),
('room_type4', '2025-11-09', 4),
('room_type4', '2025-11-10', 8),
('room_type4', '2025-11-11', 1),
('room_type4', '2025-11-12', 8),
('room_type4', '2025-11-13', 9),
('room_type4', '2025-11-14', 3),
('room_type4', '2025-11-15', 8),
('room_type4', '2025-11-16', 6),
('room_type4', '2025-11-17', 3),
('room_type4', '2025-11-18', 6),
('room_type4', '2025-11-19', 4),
('room_type4', '2025-11-20', 9),
('room_type4', '2025-11-21', 3),
('room_type4', '2025-11-22', 1),
('room_type4', '2025-11-23', 9),
('room_type4', '2025-11-24', 3),
('room_type4', '2025-11-25', 2),
('room_type4', '2025-11-26', 10),
('room_type4', '2025-11-27', 7),
('room_type4', '2025-11-28', 5),
('room_type4', '2025-11-29', 1),
('room_type5', '2025-10-01', 7),
('room_type5', '2025-10-02', 8),
('room_type5', '2025-10-03', 10),
('room_type5', '2025-10-04', 6),
('room_type5', '2025-10-05', 9),
('room_type5', '2025-10-06', 1),
('room_type5', '2025-10-07', 5),
('room_type5', '2025-10-08', 6),
('room_type5', '2025-10-09', 8),
('room_type5', '2025-10-10', 8),
('room_type5', '2025-10-11', 5),
('room_type5', '2025-10-12', 3),
('room_type5', '2025-10-13', 2),
('room_type5', '2025-10-14', 2),
('room_type5', '2025-10-15', 4),
('room_type5', '2025-10-16', 3),
('room_type5', '2025-10-17', 6),
('room_type5', '2025-10-18', 7),
('room_type5', '2025-10-19', 5),
('room_type5', '2025-10-20', 10),
('room_type5', '2025-10-21', 7),
('room_type5', '2025-10-22', 8),
('room_type5', '2025-10-23', 5),
('room_type5', '2025-10-24', 3),
('room_type5', '2025-10-25', 1),
('room_type5', '2025-10-26', 3),
('room_type5', '2025-10-27', 5),
('room_type5', '2025-10-28', 5),
('room_type5', '2025-10-29', 7),
('room_type5', '2025-10-30', 8),
('room_type5', '2025-10-31', 10),
('room_type5', '2025-11-01', 7),
('room_type5', '2025-11-02', 1),
('room_type5', '2025-11-03', 6),
('room_type5', '2025-11-04', 1),
('room_type5', '2025-11-05', 4),
('room_type5', '2025-11-06', 3),
('room_type5', '2025-11-07', 6),
('room_type5', '2025-11-08', 4),
('room_type5', '2025-11-09', 5),
('room_type5', '2025-11-10', 9),
('room_type5', '2025-11-11', 3),
('room_type5', '2025-11-12', 1),
('room_type5', '2025-11-13', 5),
('room_type5', '2025-11-14', 4),
('room_type5', '2025-11-15', 7),
('room_type5', '2025-11-16', 2),
('room_type5', '2025-11-17', 8),
('room_type5', '2025-11-18', 1),
('room_type5', '2025-11-19', 6),
('room_type5', '2025-11-20', 7),
('room_type5', '2025-11-21', 9),
('room_type5', '2025-11-22', 8),
('room_type5', '2025-11-23', 10),
('room_type5', '2025-11-24', 7),
('room_type5', '2025-11-25', 3),
('room_type5', '2025-11-26', 3),
('room_type5', '2025-11-27', 5),
('room_type5', '2025-11-28', 3),
('room_type5', '2025-11-29', 1),
('room_type6', '2025-10-01', 10),
('room_type6', '2025-10-02', 3),
('room_type6', '2025-10-03', 8),
('room_type6', '2025-10-04', 4),
('room_type6', '2025-10-05', 4),
('room_type6', '2025-10-06', 5),
('room_type6', '2025-10-07', 9),
('room_type6', '2025-10-08', 4),
('room_type6', '2025-10-09', 7),
('room_type6', '2025-10-10', 3),
('room_type6', '2025-10-11', 2),
('room_type6', '2025-10-12', 4),
('room_type6', '2025-10-13', 3),
('room_type6', '2025-10-14', 4),
('room_type6', '2025-10-15', 3),
('room_type6', '2025-10-16', 1),
('room_type6', '2025-10-17', 2),
('room_type6', '2025-10-18', 7),
('room_type6', '2025-10-19', 1),
('room_type6', '2025-10-20', 6),
('room_type6', '2025-10-21', 10),
('room_type6', '2025-10-22', 5),
('room_type6', '2025-10-23', 1),
('room_type6', '2025-10-24', 5),
('room_type6', '2025-10-25', 2),
('room_type6', '2025-10-26', 2),
('room_type6', '2025-10-27', 7),
('room_type6', '2025-10-28', 2),
('room_type6', '2025-10-29', 10),
('room_type6', '2025-10-30', 5),
('room_type6', '2025-10-31', 4),
('room_type6', '2025-11-01', 6),
('room_type6', '2025-11-02', 9),
('room_type6', '2025-11-03', 1),
('room_type6', '2025-11-04', 10),
('room_type6', '2025-11-05', 2),
('room_type6', '2025-11-06', 10),
('room_type6', '2025-11-07', 3),
('room_type6', '2025-11-08', 4),
('room_type6', '2025-11-09', 4),
('room_type6', '2025-11-10', 6),
('room_type6', '2025-11-11', 8),
('room_type6', '2025-11-12', 2),
('room_type6', '2025-11-13', 8),
('room_type6', '2025-11-14', 2),
('room_type6', '2025-11-15', 9),
('room_type6', '2025-11-16', 6),
('room_type6', '2025-11-17', 10),
('room_type6', '2025-11-18', 7),
('room_type6', '2025-11-19', 7),
('room_type6', '2025-11-20', 4),
('room_type6', '2025-11-21', 1),
('room_type6', '2025-11-22', 8),
('room_type6', '2025-11-23', 9),
('room_type6', '2025-11-24', 3),
('room_type6', '2025-11-25', 9),
('room_type6', '2025-11-26', 4),
('room_type6', '2025-11-27', 9),
('room_type6', '2025-11-28', 2),
('room_type6', '2025-11-29', 9),
('room_type7', '2025-10-01', 4),
('room_type7', '2025-10-02', 8),
('room_type7', '2025-10-03', 2),
('room_type7', '2025-10-04', 1),
('room_type7', '2025-10-05', 5),
('room_type7', '2025-10-06', 1),
('room_type7', '2025-10-07', 5),
('room_type7', '2025-10-08', 2),
('room_type7', '2025-10-09', 3),
('room_type7', '2025-10-10', 9),
('room_type7', '2025-10-11', 10),
('room_type7', '2025-10-12', 5),
('room_type7', '2025-10-13', 10),
('room_type7', '2025-10-14', 5),
('room_type7', '2025-10-15', 7),
('room_type7', '2025-10-16', 4),
('room_type7', '2025-10-17', 3),
('room_type7', '2025-10-18', 5),
('room_type7', '2025-10-19', 7),
('room_type7', '2025-10-20', 3),
('room_type7', '2025-10-21', 7),
('room_type7', '2025-10-22', 9),
('room_type7', '2025-10-23', 5),
('room_type7', '2025-10-24', 10),
('room_type7', '2025-10-25', 9),
('room_type7', '2025-10-26', 7),
('room_type7', '2025-10-27', 7),
('room_type7', '2025-10-28', 10),
('room_type7', '2025-10-29', 6),
('room_type7', '2025-10-30', 2),
('room_type7', '2025-10-31', 8),
('room_type7', '2025-11-01', 1),
('room_type7', '2025-11-02', 7),
('room_type7', '2025-11-03', 10),
('room_type7', '2025-11-04', 8),
('room_type7', '2025-11-05', 10),
('room_type7', '2025-11-06', 3),
('room_type7', '2025-11-07', 8),
('room_type7', '2025-11-08', 4),
('room_type7', '2025-11-09', 8),
('room_type7', '2025-11-10', 10),
('room_type7', '2025-11-11', 7),
('room_type7', '2025-11-12', 2),
('room_type7', '2025-11-13', 8),
('room_type7', '2025-11-14', 5),
('room_type7', '2025-11-15', 1),
('room_type7', '2025-11-16', 2),
('room_type7', '2025-11-17', 4),
('room_type7', '2025-11-18', 1),
('room_type7', '2025-11-19', 1),
('room_type7', '2025-11-20', 6),
('room_type7', '2025-11-21', 2),
('room_type7', '2025-11-22', 5),
('room_type7', '2025-11-23', 7),
('room_type7', '2025-11-24', 1),
('room_type7', '2025-11-25', 3),
('room_type7', '2025-11-26', 9),
('room_type7', '2025-11-27', 6),
('room_type7', '2025-11-28', 3),
('room_type7', '2025-11-29', 7),
('room_type8', '2025-10-01', 1),
('room_type8', '2025-10-02', 5),
('room_type8', '2025-10-03', 5),
('room_type8', '2025-10-04', 8),
('room_type8', '2025-10-05', 9),
('room_type8', '2025-10-06', 8),
('room_type8', '2025-10-07', 5),
('room_type8', '2025-10-08', 2),
('room_type8', '2025-10-09', 9),
('room_type8', '2025-10-10', 7),
('room_type8', '2025-10-11', 8),
('room_type8', '2025-10-12', 1),
('room_type8', '2025-10-13', 4),
('room_type8', '2025-10-14', 6),
('room_type8', '2025-10-15', 2),
('room_type8', '2025-10-16', 9),
('room_type8', '2025-10-17', 5),
('room_type8', '2025-10-18', 3),
('room_type8', '2025-10-19', 3),
('room_type8', '2025-10-20', 1),
('room_type8', '2025-10-21', 7),
('room_type8', '2025-10-22', 9),
('room_type8', '2025-10-23', 7),
('room_type8', '2025-10-24', 1),
('room_type8', '2025-10-25', 4),
('room_type8', '2025-10-26', 1),
('room_type8', '2025-10-27', 3),
('room_type8', '2025-10-28', 4),
('room_type8', '2025-10-29', 5),
('room_type8', '2025-10-30', 3),
('room_type8', '2025-10-31', 10),
('room_type8', '2025-11-01', 7),
('room_type8', '2025-11-02', 4),
('room_type8', '2025-11-03', 9),
('room_type8', '2025-11-04', 7),
('room_type8', '2025-11-05', 9),
('room_type8', '2025-11-06', 7),
('room_type8', '2025-11-07', 7),
('room_type8', '2025-11-08', 6),
('room_type8', '2025-11-09', 7),
('room_type8', '2025-11-10', 4),
('room_type8', '2025-11-11', 3),
('room_type8', '2025-11-12', 9),
('room_type8', '2025-11-13', 9),
('room_type8', '2025-11-14', 3),
('room_type8', '2025-11-15', 10),
('room_type8', '2025-11-16', 7),
('room_type8', '2025-11-17', 2),
('room_type8', '2025-11-18', 10),
('room_type8', '2025-11-19', 4),
('room_type8', '2025-11-20', 3),
('room_type8', '2025-11-21', 6),
('room_type8', '2025-11-22', 2),
('room_type8', '2025-11-23', 3),
('room_type8', '2025-11-24', 9),
('room_type8', '2025-11-25', 9),
('room_type8', '2025-11-26', 3),
('room_type8', '2025-11-27', 8),
('room_type8', '2025-11-28', 5),
('room_type8', '2025-11-29', 8),
('room_type9', '2025-10-01', 2),
('room_type9', '2025-10-02', 6),
('room_type9', '2025-10-03', 7),
('room_type9', '2025-10-04', 4),
('room_type9', '2025-10-05', 4),
('room_type9', '2025-10-06', 9),
('room_type9', '2025-10-07', 8),
('room_type9', '2025-10-08', 10),
('room_type9', '2025-10-09', 7),
('room_type9', '2025-10-10', 6),
('room_type9', '2025-10-11', 10),
('room_type9', '2025-10-12', 3),
('room_type9', '2025-10-13', 3),
('room_type9', '2025-10-14', 10),
('room_type9', '2025-10-15', 7),
('room_type9', '2025-10-16', 4),
('room_type9', '2025-10-17', 5),
('room_type9', '2025-10-18', 4),
('room_type9', '2025-10-19', 8),
('room_type9', '2025-10-20', 10),
('room_type9', '2025-10-21', 2),
('room_type9', '2025-10-22', 4),
('room_type9', '2025-10-23', 1),
('room_type9', '2025-10-24', 7),
('room_type9', '2025-10-25', 1),
('room_type9', '2025-10-26', 3),
('room_type9', '2025-10-27', 6),
('room_type9', '2025-10-28', 5),
('room_type9', '2025-10-29', 8),
('room_type9', '2025-10-30', 7),
('room_type9', '2025-10-31', 9),
('room_type9', '2025-11-01', 2),
('room_type9', '2025-11-02', 1),
('room_type9', '2025-11-03', 8),
('room_type9', '2025-11-04', 4),
('room_type9', '2025-11-05', 10),
('room_type9', '2025-11-06', 4),
('room_type9', '2025-11-07', 1),
('room_type9', '2025-11-08', 9),
('room_type9', '2025-11-09', 3),
('room_type9', '2025-11-10', 4),
('room_type9', '2025-11-11', 4),
('room_type9', '2025-11-12', 2),
('room_type9', '2025-11-13', 2),
('room_type9', '2025-11-14', 9),
('room_type9', '2025-11-15', 1),
('room_type9', '2025-11-16', 8),
('room_type9', '2025-11-17', 5),
('room_type9', '2025-11-18', 5),
('room_type9', '2025-11-19', 2),
('room_type9', '2025-11-20', 1),
('room_type9', '2025-11-21', 10),
('room_type9', '2025-11-22', 8),
('room_type9', '2025-11-23', 8),
('room_type9', '2025-11-24', 9),
('room_type9', '2025-11-25', 3),
('room_type9', '2025-11-26', 7),
('room_type9', '2025-11-27', 6),
('room_type9', '2025-11-28', 3),
('room_type9', '2025-11-29', 2),
('room_type10', '2025-10-01', 1),
('room_type10', '2025-10-02', 5),
('room_type10', '2025-10-03', 1),
('room_type10', '2025-10-04', 2),
('room_type10', '2025-10-05', 5),
('room_type10', '2025-10-06', 8),
('room_type10', '2025-10-07', 2),
('room_type10', '2025-10-08', 2),
('room_type10', '2025-10-09', 5),
('room_type10', '2025-10-10', 4),
('room_type10', '2025-10-11', 7),
('room_type10', '2025-10-12', 7),
('room_type10', '2025-10-13', 7),
('room_type10', '2025-10-14', 4),
('room_type10', '2025-10-15', 5),
('room_type10', '2025-10-16', 2),
('room_type10', '2025-10-17', 1),
('room_type10', '2025-10-18', 3),
('room_type10', '2025-10-19', 1),
('room_type10', '2025-10-20', 6),
('room_type10', '2025-10-21', 10),
('room_type10', '2025-10-22', 7),
('room_type10', '2025-10-23', 10),
('room_type10', '2025-10-24', 3),
('room_type10', '2025-10-25', 1),
('room_type10', '2025-10-26', 5),
('room_type10', '2025-10-27', 6),
('room_type10', '2025-10-28', 2),
('room_type10', '2025-10-29', 10),
('room_type10', '2025-10-30', 4),
('room_type10', '2025-10-31', 5),
('room_type10', '2025-11-01', 8),
('room_type10', '2025-11-02', 9),
('room_type10', '2025-11-03', 3),
('room_type10', '2025-11-04', 4),
('room_type10', '2025-11-05', 3),
('room_type10', '2025-11-06', 7),
('room_type10', '2025-11-07', 5),
('room_type10', '2025-11-08', 7),
('room_type10', '2025-11-09', 5),
('room_type10', '2025-11-10', 4),
('room_type10', '2025-11-11', 2),
('room_type10', '2025-11-12', 7),
('room_type10', '2025-11-13', 8),
('room_type10', '2025-11-14', 2),
('room_type10', '2025-11-15', 3),
('room_type10', '2025-11-16', 5),
('room_type10', '2025-11-17', 3),
('room_type10', '2025-11-18', 1),
('room_type10', '2025-11-19', 10),
('room_type10', '2025-11-20', 8),
('room_type10', '2025-11-21', 9),
('room_type10', '2025-11-22', 9),
('room_type10', '2025-11-23', 8),
('room_type10', '2025-11-24', 9),
('room_type10', '2025-11-25', 8),
('room_type10', '2025-11-26', 7),
('room_type10', '2025-11-27', 7),
('room_type10', '2025-11-28', 2),
('room_type10', '2025-11-29', 3),
('room_type11', '2025-10-01', 5),
('room_type11', '2025-10-02', 3),
('room_type11', '2025-10-03', 4),
('room_type11', '2025-10-04', 7),
('room_type11', '2025-10-05', 2),
('room_type11', '2025-10-06', 6),
('room_type11', '2025-10-07', 9),
('room_type11', '2025-10-08', 4),
('room_type11', '2025-10-09', 8),
('room_type11', '2025-10-10', 6),
('room_type11', '2025-10-11', 8),
('room_type11', '2025-10-12', 7),
('room_type11', '2025-10-13', 3),
('room_type11', '2025-10-14', 7),
('room_type11', '2025-10-15', 9),
('room_type11', '2025-10-16', 7),
('room_type11', '2025-10-17', 5),
('room_type11', '2025-10-18', 10),
('room_type11', '2025-10-19', 7),
('room_type11', '2025-10-20', 2),
('room_type11', '2025-10-21', 9),
('room_type11', '2025-10-22', 4),
('room_type11', '2025-10-23', 8),
('room_type11', '2025-10-24', 4),
('room_type11', '2025-10-25', 9),
('room_type11', '2025-10-26', 1),
('room_type11', '2025-10-27', 8),
('room_type11', '2025-10-28', 2),
('room_type11', '2025-10-29', 1),
('room_type11', '2025-10-30', 8),
('room_type11', '2025-10-31', 7),
('room_type11', '2025-11-01', 7),
('room_type11', '2025-11-02', 6),
('room_type11', '2025-11-03', 9),
('room_type11', '2025-11-04', 3),
('room_type11', '2025-11-05', 4),
('room_type11', '2025-11-06', 10),
('room_type11', '2025-11-07', 3),
('room_type11', '2025-11-08', 7),
('room_type11', '2025-11-09', 2),
('room_type11', '2025-11-10', 1),
('room_type11', '2025-11-11', 2),
('room_type11', '2025-11-12', 1),
('room_type11', '2025-11-13', 5),
('room_type11', '2025-11-14', 6),
('room_type11', '2025-11-15', 8),
('room_type11', '2025-11-16', 4),
('room_type11', '2025-11-17', 7),
('room_type11', '2025-11-18', 2),
('room_type11', '2025-11-19', 7),
('room_type11', '2025-11-20', 9),
('room_type11', '2025-11-21', 9),
('room_type11', '2025-11-22', 9),
('room_type11', '2025-11-23', 10),
('room_type11', '2025-11-24', 5),
('room_type11', '2025-11-25', 5),
('room_type11', '2025-11-26', 2),
('room_type11', '2025-11-27', 2),
('room_type11', '2025-11-28', 6),
('room_type11', '2025-11-29', 5),
('room_type12', '2025-10-01', 5),
('room_type12', '2025-10-02', 1),
('room_type12', '2025-10-03', 5),
('room_type12', '2025-10-04', 5),
('room_type12', '2025-10-05', 9),
('room_type12', '2025-10-06', 3),
('room_type12', '2025-10-07', 10),
('room_type12', '2025-10-08', 3),
('room_type12', '2025-10-09', 3),
('room_type12', '2025-10-10', 1),
('room_type12', '2025-10-11', 3),
('room_type12', '2025-10-12', 9),
('room_type12', '2025-10-13', 3),
('room_type12', '2025-10-14', 10),
('room_type12', '2025-10-15', 8),
('room_type12', '2025-10-16', 1),
('room_type12', '2025-10-17', 4),
('room_type12', '2025-10-18', 10),
('room_type12', '2025-10-19', 9),
('room_type12', '2025-10-20', 1),
('room_type12', '2025-10-21', 2),
('room_type12', '2025-10-22', 4),
('room_type12', '2025-10-23', 5),
('room_type12', '2025-10-24', 8),
('room_type12', '2025-10-25', 2),
('room_type12', '2025-10-26', 2),
('room_type12', '2025-10-27', 6),
('room_type12', '2025-10-28', 7),
('room_type12', '2025-10-29', 4),
('room_type12', '2025-10-30', 4),
('room_type12', '2025-10-31', 10),
('room_type12', '2025-11-01', 10),
('room_type12', '2025-11-02', 5),
('room_type12', '2025-11-03', 1),
('room_type12', '2025-11-04', 8),
('room_type12', '2025-11-05', 4),
('room_type12', '2025-11-06', 10),
('room_type12', '2025-11-07', 5),
('room_type12', '2025-11-08', 5),
('room_type12', '2025-11-09', 6),
('room_type12', '2025-11-10', 7),
('room_type12', '2025-11-11', 8),
('room_type12', '2025-11-12', 9),
('room_type12', '2025-11-13', 9),
('room_type12', '2025-11-14', 3),
('room_type12', '2025-11-15', 9),
('room_type12', '2025-11-16', 3),
('room_type12', '2025-11-17', 7),
('room_type12', '2025-11-18', 8),
('room_type12', '2025-11-19', 5),
('room_type12', '2025-11-20', 8),
('room_type12', '2025-11-21', 1),
('room_type12', '2025-11-22', 2),
('room_type12', '2025-11-23', 2),
('room_type12', '2025-11-24', 6),
('room_type12', '2025-11-25', 8),
('room_type12', '2025-11-26', 5),
('room_type12', '2025-11-27', 1),
('room_type12', '2025-11-28', 8),
('room_type12', '2025-11-29', 5),
('room_type13', '2025-10-01', 9),
('room_type13', '2025-10-02', 7),
('room_type13', '2025-10-03', 5),
('room_type13', '2025-10-04', 3),
('room_type13', '2025-10-05', 9),
('room_type13', '2025-10-06', 2),
('room_type13', '2025-10-07', 5),
('room_type13', '2025-10-08', 1),
('room_type13', '2025-10-09', 7),
('room_type13', '2025-10-10', 7),
('room_type13', '2025-10-11', 5),
('room_type13', '2025-10-12', 6),
('room_type13', '2025-10-13', 9),
('room_type13', '2025-10-14', 1),
('room_type13', '2025-10-15', 10),
('room_type13', '2025-10-16', 2),
('room_type13', '2025-10-17', 8),
('room_type13', '2025-10-18', 2),
('room_type13', '2025-10-19', 9),
('room_type13', '2025-10-20', 9),
('room_type13', '2025-10-21', 8),
('room_type13', '2025-10-22', 10),
('room_type13', '2025-10-23', 8),
('room_type13', '2025-10-24', 8),
('room_type13', '2025-10-25', 2),
('room_type13', '2025-10-26', 7),
('room_type13', '2025-10-27', 1),
('room_type13', '2025-10-28', 3),
('room_type13', '2025-10-29', 10),
('room_type13', '2025-10-30', 5),
('room_type13', '2025-10-31', 1),
('room_type13', '2025-11-01', 6),
('room_type13', '2025-11-02', 3),
('room_type13', '2025-11-03', 6),
('room_type13', '2025-11-04', 1),
('room_type13', '2025-11-05', 8),
('room_type13', '2025-11-06', 4),
('room_type13', '2025-11-07', 8),
('room_type13', '2025-11-08', 8),
('room_type13', '2025-11-09', 8),
('room_type13', '2025-11-10', 9),
('room_type13', '2025-11-11', 10),
('room_type13', '2025-11-12', 5),
('room_type13', '2025-11-13', 10),
('room_type13', '2025-11-14', 4),
('room_type13', '2025-11-15', 7),
('room_type13', '2025-11-16', 7),
('room_type13', '2025-11-17', 7),
('room_type13', '2025-11-18', 10),
('room_type13', '2025-11-19', 3),
('room_type13', '2025-11-20', 10),
('room_type13', '2025-11-21', 7),
('room_type13', '2025-11-22', 1),
('room_type13', '2025-11-23', 4),
('room_type13', '2025-11-24', 1),
('room_type13', '2025-11-25', 3),
('room_type13', '2025-11-26', 4),
('room_type13', '2025-11-27', 6),
('room_type13', '2025-11-28', 7),
('room_type13', '2025-11-29', 7),
('room_type14', '2025-10-01', 1),
('room_type14', '2025-10-02', 9),
('room_type14', '2025-10-03', 9),
('room_type14', '2025-10-04', 1),
('room_type14', '2025-10-05', 10),
('room_type14', '2025-10-06', 3),
('room_type14', '2025-10-07', 1),
('room_type14', '2025-10-08', 10),
('room_type14', '2025-10-09', 4),
('room_type14', '2025-10-10', 8),
('room_type14', '2025-10-11', 8),
('room_type14', '2025-10-12', 6),
('room_type14', '2025-10-13', 2),
('room_type14', '2025-10-14', 5),
('room_type14', '2025-10-15', 7),
('room_type14', '2025-10-16', 4),
('room_type14', '2025-10-17', 7),
('room_type14', '2025-10-18', 3),
('room_type14', '2025-10-19', 9),
('room_type14', '2025-10-20', 7),
('room_type14', '2025-10-21', 5),
('room_type14', '2025-10-22', 10),
('room_type14', '2025-10-23', 8),
('room_type14', '2025-10-24', 5),
('room_type14', '2025-10-25', 1),
('room_type14', '2025-10-26', 1),
('room_type14', '2025-10-27', 4),
('room_type14', '2025-10-28', 9),
('room_type14', '2025-10-29', 10),
('room_type14', '2025-10-30', 9),
('room_type14', '2025-10-31', 3),
('room_type14', '2025-11-01', 10),
('room_type14', '2025-11-02', 3),
('room_type14', '2025-11-03', 7),
('room_type14', '2025-11-04', 6),
('room_type14', '2025-11-05', 7),
('room_type14', '2025-11-06', 5),
('room_type14', '2025-11-07', 3),
('room_type14', '2025-11-08', 2),
('room_type14', '2025-11-09', 5),
('room_type14', '2025-11-10', 10),
('room_type14', '2025-11-11', 3),
('room_type14', '2025-11-12', 8),
('room_type14', '2025-11-13', 9),
('room_type14', '2025-11-14', 7),
('room_type14', '2025-11-15', 7),
('room_type14', '2025-11-16', 7),
('room_type14', '2025-11-17', 8),
('room_type14', '2025-11-18', 9),
('room_type14', '2025-11-19', 1),
('room_type14', '2025-11-20', 9),
('room_type14', '2025-11-21', 4),
('room_type14', '2025-11-22', 3),
('room_type14', '2025-11-23', 9),
('room_type14', '2025-11-24', 5),
('room_type14', '2025-11-25', 2),
('room_type14', '2025-11-26', 7),
('room_type14', '2025-11-27', 2),
('room_type14', '2025-11-28', 9),
('room_type14', '2025-11-29', 3),
('room_type15', '2025-10-01', 7),
('room_type15', '2025-10-02', 4),
('room_type15', '2025-10-03', 2),
('room_type15', '2025-10-04', 3),
('room_type15', '2025-10-05', 7),
('room_type15', '2025-10-06', 7),
('room_type15', '2025-10-07', 2),
('room_type15', '2025-10-08', 4),
('room_type15', '2025-10-09', 6),
('room_type15', '2025-10-10', 7),
('room_type15', '2025-10-11', 1),
('room_type15', '2025-10-12', 10),
('room_type15', '2025-10-13', 7),
('room_type15', '2025-10-14', 6),
('room_type15', '2025-10-15', 3),
('room_type15', '2025-10-16', 2),
('room_type15', '2025-10-17', 1),
('room_type15', '2025-10-18', 4),
('room_type15', '2025-10-19', 4),
('room_type15', '2025-10-20', 9),
('room_type15', '2025-10-21', 2),
('room_type15', '2025-10-22', 4),
('room_type15', '2025-10-23', 7),
('room_type15', '2025-10-24', 1),
('room_type15', '2025-10-25', 10),
('room_type15', '2025-10-26', 3),
('room_type15', '2025-10-27', 8),
('room_type15', '2025-10-28', 9),
('room_type15', '2025-10-29', 7),
('room_type15', '2025-10-30', 5),
('room_type15', '2025-10-31', 6),
('room_type15', '2025-11-01', 1),
('room_type15', '2025-11-02', 1),
('room_type15', '2025-11-03', 6),
('room_type15', '2025-11-04', 5),
('room_type15', '2025-11-05', 4),
('room_type15', '2025-11-06', 6),
('room_type15', '2025-11-07', 10),
('room_type15', '2025-11-08', 1),
('room_type15', '2025-11-09', 8),
('room_type15', '2025-11-10', 9),
('room_type15', '2025-11-11', 10),
('room_type15', '2025-11-12', 2),
('room_type15', '2025-11-13', 5),
('room_type15', '2025-11-14', 3),
('room_type15', '2025-11-15', 6),
('room_type15', '2025-11-16', 9),
('room_type15', '2025-11-17', 1),
('room_type15', '2025-11-18', 7),
('room_type15', '2025-11-19', 6),
('room_type15', '2025-11-20', 7),
('room_type15', '2025-11-21', 3),
('room_type15', '2025-11-22', 10),
('room_type15', '2025-11-23', 8),
('room_type15', '2025-11-24', 6),
('room_type15', '2025-11-25', 5),
('room_type15', '2025-11-26', 4),
('room_type15', '2025-11-27', 5),
('room_type15', '2025-11-28', 5),
('room_type15', '2025-11-29', 8),
('room_type16', '2025-10-01', 10),
('room_type16', '2025-10-02', 7),
('room_type16', '2025-10-03', 5),
('room_type16', '2025-10-04', 7),
('room_type16', '2025-10-05', 6),
('room_type16', '2025-10-06', 8),
('room_type16', '2025-10-07', 5),
('room_type16', '2025-10-08', 4),
('room_type16', '2025-10-09', 2),
('room_type16', '2025-10-10', 6),
('room_type16', '2025-10-11', 7),
('room_type16', '2025-10-12', 9),
('room_type16', '2025-10-13', 4),
('room_type16', '2025-10-14', 5),
('room_type16', '2025-10-15', 6),
('room_type16', '2025-10-16', 8),
('room_type16', '2025-10-17', 4),
('room_type16', '2025-10-18', 10),
('room_type16', '2025-10-19', 1),
('room_type16', '2025-10-20', 2),
('room_type16', '2025-10-21', 5),
('room_type16', '2025-10-22', 8),
('room_type16', '2025-10-23', 5),
('room_type16', '2025-10-24', 10),
('room_type16', '2025-10-25', 10),
('room_type16', '2025-10-26', 6),
('room_type16', '2025-10-27', 5),
('room_type16', '2025-10-28', 4),
('room_type16', '2025-10-29', 2),
('room_type16', '2025-10-30', 8),
('room_type16', '2025-10-31', 2),
('room_type16', '2025-11-01', 9),
('room_type16', '2025-11-02', 9),
('room_type16', '2025-11-03', 7),
('room_type16', '2025-11-04', 10),
('room_type16', '2025-11-05', 8),
('room_type16', '2025-11-06', 9),
('room_type16', '2025-11-07', 1),
('room_type16', '2025-11-08', 10),
('room_type16', '2025-11-09', 8),
('room_type16', '2025-11-10', 4),
('room_type16', '2025-11-11', 7),
('room_type16', '2025-11-12', 9),
('room_type16', '2025-11-13', 10),
('room_type16', '2025-11-14', 5),
('room_type16', '2025-11-15', 8),
('room_type16', '2025-11-16', 10),
('room_type16', '2025-11-17', 4),
('room_type16', '2025-11-18', 4),
('room_type16', '2025-11-19', 6),
('room_type16', '2025-11-20', 5),
('room_type16', '2025-11-21', 7),
('room_type16', '2025-11-22', 1),
('room_type16', '2025-11-23', 8),
('room_type16', '2025-11-24', 10),
('room_type16', '2025-11-25', 9),
('room_type16', '2025-11-26', 7),
('room_type16', '2025-11-27', 6),
('room_type16', '2025-11-28', 3),
('room_type16', '2025-11-29', 4),
('room_type17', '2025-10-01', 2),
('room_type17', '2025-10-02', 4),
('room_type17', '2025-10-03', 6),
('room_type17', '2025-10-04', 1),
('room_type17', '2025-10-05', 10),
('room_type17', '2025-10-06', 7),
('room_type17', '2025-10-07', 2),
('room_type17', '2025-10-08', 7),
('room_type17', '2025-10-09', 2),
('room_type17', '2025-10-10', 10),
('room_type17', '2025-10-11', 2),
('room_type17', '2025-10-12', 1),
('room_type17', '2025-10-13', 10),
('room_type17', '2025-10-14', 9),
('room_type17', '2025-10-15', 3),
('room_type17', '2025-10-16', 9),
('room_type17', '2025-10-17', 1),
('room_type17', '2025-10-18', 8),
('room_type17', '2025-10-19', 4),
('room_type17', '2025-10-20', 5),
('room_type17', '2025-10-21', 7),
('room_type17', '2025-10-22', 7),
('room_type17', '2025-10-23', 3),
('room_type17', '2025-10-24', 6),
('room_type17', '2025-10-25', 10),
('room_type17', '2025-10-26', 7),
('room_type17', '2025-10-27', 5),
('room_type17', '2025-10-28', 8),
('room_type17', '2025-10-29', 2),
('room_type17', '2025-10-30', 6),
('room_type17', '2025-10-31', 9),
('room_type17', '2025-11-01', 4),
('room_type17', '2025-11-02', 8),
('room_type17', '2025-11-03', 2),
('room_type17', '2025-11-04', 5),
('room_type17', '2025-11-05', 8),
('room_type17', '2025-11-06', 1),
('room_type17', '2025-11-07', 6),
('room_type17', '2025-11-08', 10),
('room_type17', '2025-11-09', 2),
('room_type17', '2025-11-10', 10),
('room_type17', '2025-11-11', 7),
('room_type17', '2025-11-12', 7),
('room_type17', '2025-11-13', 7),
('room_type17', '2025-11-14', 2),
('room_type17', '2025-11-15', 10),
('room_type17', '2025-11-16', 3),
('room_type17', '2025-11-17', 6),
('room_type17', '2025-11-18', 2),
('room_type17', '2025-11-19', 2),
('room_type17', '2025-11-20', 5),
('room_type17', '2025-11-21', 8),
('room_type17', '2025-11-22', 10),
('room_type17', '2025-11-23', 4),
('room_type17', '2025-11-24', 9),
('room_type17', '2025-11-25', 1),
('room_type17', '2025-11-26', 6),
('room_type17', '2025-11-27', 10),
('room_type17', '2025-11-28', 10),
('room_type17', '2025-11-29', 7),
('room_type18', '2025-10-01', 10),
('room_type18', '2025-10-02', 7),
('room_type18', '2025-10-03', 7),
('room_type18', '2025-10-04', 2),
('room_type18', '2025-10-05', 6),
('room_type18', '2025-10-06', 7),
('room_type18', '2025-10-07', 5),
('room_type18', '2025-10-08', 5),
('room_type18', '2025-10-09', 3),
('room_type18', '2025-10-10', 9),
('room_type18', '2025-10-11', 8),
('room_type18', '2025-10-12', 7),
('room_type18', '2025-10-13', 1),
('room_type18', '2025-10-14', 4),
('room_type18', '2025-10-15', 6),
('room_type18', '2025-10-16', 3),
('room_type18', '2025-10-17', 7),
('room_type18', '2025-10-18', 6),
('room_type18', '2025-10-19', 7),
('room_type18', '2025-10-20', 7),
('room_type18', '2025-10-21', 5),
('room_type18', '2025-10-22', 3),
('room_type18', '2025-10-23', 7),
('room_type18', '2025-10-24', 3),
('room_type18', '2025-10-25', 10),
('room_type18', '2025-10-26', 3),
('room_type18', '2025-10-27', 8),
('room_type18', '2025-10-28', 5),
('room_type18', '2025-10-29', 6),
('room_type18', '2025-10-30', 7),
('room_type18', '2025-10-31', 5),
('room_type18', '2025-11-01', 5),
('room_type18', '2025-11-02', 3),
('room_type18', '2025-11-03', 2),
('room_type18', '2025-11-04', 5),
('room_type18', '2025-11-05', 5),
('room_type18', '2025-11-06', 1),
('room_type18', '2025-11-07', 7),
('room_type18', '2025-11-08', 2),
('room_type18', '2025-11-09', 2),
('room_type18', '2025-11-10', 2),
('room_type18', '2025-11-11', 4),
('room_type18', '2025-11-12', 4),
('room_type18', '2025-11-13', 5),
('room_type18', '2025-11-14', 3),
('room_type18', '2025-11-15', 8),
('room_type18', '2025-11-16', 10),
('room_type18', '2025-11-17', 2),
('room_type18', '2025-11-18', 9),
('room_type18', '2025-11-19', 4),
('room_type18', '2025-11-20', 10),
('room_type18', '2025-11-21', 8),
('room_type18', '2025-11-22', 4),
('room_type18', '2025-11-23', 9),
('room_type18', '2025-11-24', 5),
('room_type18', '2025-11-25', 7),
('room_type18', '2025-11-26', 10),
('room_type18', '2025-11-27', 9),
('room_type18', '2025-11-28', 8),
('room_type18', '2025-11-29', 8),
('room_type19', '2025-10-01', 9),
('room_type19', '2025-10-02', 9),
('room_type19', '2025-10-03', 7),
('room_type19', '2025-10-04', 6),
('room_type19', '2025-10-05', 8),
('room_type19', '2025-10-06', 9),
('room_type19', '2025-10-07', 3),
('room_type19', '2025-10-08', 9),
('room_type19', '2025-10-09', 2),
('room_type19', '2025-10-10', 2),
('room_type19', '2025-10-11', 1),
('room_type19', '2025-10-12', 9),
('room_type19', '2025-10-13', 6),
('room_type19', '2025-10-14', 9),
('room_type19', '2025-10-15', 8),
('room_type19', '2025-10-16', 1),
('room_type19', '2025-10-17', 5),
('room_type19', '2025-10-18', 7),
('room_type19', '2025-10-19', 6),
('room_type19', '2025-10-20', 10),
('room_type19', '2025-10-21', 9),
('room_type19', '2025-10-22', 10),
('room_type19', '2025-10-23', 6),
('room_type19', '2025-10-24', 10),
('room_type19', '2025-10-25', 6),
('room_type19', '2025-10-26', 6),
('room_type19', '2025-10-27', 3),
('room_type19', '2025-10-28', 10),
('room_type19', '2025-10-29', 8),
('room_type19', '2025-10-30', 2),
('room_type19', '2025-10-31', 8),
('room_type19', '2025-11-01', 1),
('room_type19', '2025-11-02', 10),
('room_type19', '2025-11-03', 1),
('room_type19', '2025-11-04', 6),
('room_type19', '2025-11-05', 10),
('room_type19', '2025-11-06', 1),
('room_type19', '2025-11-07', 5),
('room_type19', '2025-11-08', 10),
('room_type19', '2025-11-09', 1),
('room_type19', '2025-11-10', 6),
('room_type19', '2025-11-11', 1),
('room_type19', '2025-11-12', 1),
('room_type19', '2025-11-13', 5),
('room_type19', '2025-11-14', 1),
('room_type19', '2025-11-15', 8),
('room_type19', '2025-11-16', 3),
('room_type19', '2025-11-17', 4),
('room_type19', '2025-11-18', 2),
('room_type19', '2025-11-19', 7),
('room_type19', '2025-11-20', 5),
('room_type19', '2025-11-21', 4),
('room_type19', '2025-11-22', 4),
('room_type19', '2025-11-23', 6),
('room_type19', '2025-11-24', 2),
('room_type19', '2025-11-25', 6),
('room_type19', '2025-11-26', 4),
('room_type19', '2025-11-27', 6),
('room_type19', '2025-11-28', 7),
('room_type19', '2025-11-29', 5),
('room_type20', '2025-10-01', 7),
('room_type20', '2025-10-02', 10),
('room_type20', '2025-10-03', 4),
('room_type20', '2025-10-04', 1),
('room_type20', '2025-10-05', 1),
('room_type20', '2025-10-06', 3),
('room_type20', '2025-10-07', 5),
('room_type20', '2025-10-08', 7),
('room_type20', '2025-10-09', 7),
('room_type20', '2025-10-10', 6),
('room_type20', '2025-10-11', 3),
('room_type20', '2025-10-12', 7),
('room_type20', '2025-10-13', 7),
('room_type20', '2025-10-14', 2),
('room_type20', '2025-10-15', 8),
('room_type20', '2025-10-16', 4),
('room_type20', '2025-10-17', 6),
('room_type20', '2025-10-18', 7),
('room_type20', '2025-10-19', 7),
('room_type20', '2025-10-20', 4),
('room_type20', '2025-10-21', 4),
('room_type20', '2025-10-22', 6),
('room_type20', '2025-10-23', 5),
('room_type20', '2025-10-24', 4),
('room_type20', '2025-10-25', 7),
('room_type20', '2025-10-26', 3),
('room_type20', '2025-10-27', 1),
('room_type20', '2025-10-28', 4),
('room_type20', '2025-10-29', 3),
('room_type20', '2025-10-30', 3),
('room_type20', '2025-10-31', 8),
('room_type20', '2025-11-01', 7),
('room_type20', '2025-11-02', 9),
('room_type20', '2025-11-03', 4),
('room_type20', '2025-11-04', 5),
('room_type20', '2025-11-05', 4),
('room_type20', '2025-11-06', 3),
('room_type20', '2025-11-07', 9),
('room_type20', '2025-11-08', 8),
('room_type20', '2025-11-09', 8),
('room_type20', '2025-11-10', 9),
('room_type20', '2025-11-11', 10),
('room_type20', '2025-11-12', 3),
('room_type20', '2025-11-13', 9),
('room_type20', '2025-11-14', 2),
('room_type20', '2025-11-15', 9),
('room_type20', '2025-11-16', 9),
('room_type20', '2025-11-17', 5),
('room_type20', '2025-11-18', 3),
('room_type20', '2025-11-19', 1),
('room_type20', '2025-11-20', 5),
('room_type20', '2025-11-21', 5),
('room_type20', '2025-11-22', 7),
('room_type20', '2025-11-23', 7),
('room_type20', '2025-11-24', 5),
('room_type20', '2025-11-25', 10),
('room_type20', '2025-11-26', 5),
('room_type20', '2025-11-27', 4),
('room_type20', '2025-11-28', 6),
('room_type20', '2025-11-29', 3);
INSERT INTO guests (id, name) VALUES
('guest_1', 'Guest_1'),
('guest_2', 'Guest_2'),
('guest_3', 'Guest_3'),
('guest_4', 'Guest_4'),
('guest_5', 'Guest_5'),
('guest_6', 'Guest_6'),
('guest_7', 'Guest_7'),
('guest_8', 'Guest_8'),
('guest_9', 'Guest_9'),
('guest_10', 'Guest_10'),
('guest_11', 'Guest_11'),
('guest_12', 'Guest_12'),
('guest_13', 'Guest_13'),
('guest_14', 'Guest_14'),
('guest_15', 'Guest_15'),
('guest_16', 'Guest_16'),
('guest_17', 'Guest_17'),
('guest_18', 'Guest_18'),
('guest_19', 'Guest_19'),
('guest_20', 'Guest_20'),
('guest_21', 'Guest_21'),
('guest_22', 'Guest_22'),
('guest_23', 'Guest_23'),
('guest_24', 'Guest_24'),
('guest_25', 'Guest_25'),
('guest_26', 'Guest_26'),
('guest_27', 'Guest_27'),
('guest_28', 'Guest_28'),
('guest_29', 'Guest_29'),
('guest_30', 'Guest_30'),
('guest_31', 'Guest_31'),
('guest_32', 'Guest_32'),
('guest_33', 'Guest_33'),
('guest_34', 'Guest_34'),
('guest_35', 'Guest_35'),
('guest_36', 'Guest_36'),
('guest_37', 'Guest_37'),
('guest_38', 'Guest_38'),
('guest_39', 'Guest_39'),
('guest_40', 'Guest_40'),
('guest_41', 'Guest_41'),
('guest_42', 'Guest_42'),
('guest_43', 'Guest_43'),
('guest_44', 'Guest_44'),
('guest_45', 'Guest_45'),
('guest_46', 'Guest_46'),
('guest_47', 'Guest_47'),
('guest_48', 'Guest_48'),
('guest_49', 'Guest_49'),
('guest_50', 'Guest_50');